slug,campo,motivo,tratamiento_publico
rcyd-type-permanent-magnet-self-dumping-iron-remover,Ancho y velocidad de cinta,No hay valor confirmado en el catálogo público sincronizado,Disponible bajo solicitud / Por confirmar por ingeniería de COWIN
rcyd-type-permanent-magnet-self-dumping-iron-remover,Altura de suspensión,No hay valor confirmado en el catálogo público sincronizado,Disponible bajo solicitud / Por confirmar por ingeniería de COWIN
rcyd-type-permanent-magnet-self-dumping-iron-remover,Capa de material,No hay valor confirmado en el catálogo público sincronizado,Disponible bajo solicitud / Por confirmar por ingeniería de COWIN
rcyd-type-permanent-magnet-self-dumping-iron-remover,Ambiente,No hay valor confirmado en el catálogo público sincronizado,Disponible bajo solicitud / Por confirmar por ingeniería de COWIN
rcyd-type-permanent-magnet-self-dumping-iron-remover,Configuración de descarga,No hay valor confirmado en el catálogo público sincronizado,Disponible bajo solicitud / Por confirmar por ingeniería de COWIN
rcdd-type-self-cooling-self-dumping-electromagnetic-iron-remover,Alimentación eléctrica,No hay valor confirmado en el catálogo público sincronizado,Disponible bajo solicitud / Por confirmar por ingeniería de COWIN
rcdd-type-self-cooling-self-dumping-electromagnetic-iron-remover,Altura de suspensión,No hay valor confirmado en el catálogo público sincronizado,Disponible bajo solicitud / Por confirmar por ingeniería de COWIN
rcdd-type-self-cooling-self-dumping-electromagnetic-iron-remover,Ancho y velocidad de cinta,No hay valor confirmado en el catálogo público sincronizado,Disponible bajo solicitud / Por confirmar por ingeniería de COWIN
rcdd-type-self-cooling-self-dumping-electromagnetic-iron-remover,Ambiente,No hay valor confirmado en el catálogo público sincronizado,Disponible bajo solicitud / Por confirmar por ingeniería de COWIN
rcdd-type-self-cooling-self-dumping-electromagnetic-iron-remover,Configuración de descarga,No hay valor confirmado en el catálogo público sincronizado,Disponible bajo solicitud / Por confirmar por ingeniería de COWIN
rcyb-type-permanent-magnet-manual-iron-remover,Ancho y velocidad de cinta,No hay valor confirmado en el catálogo público sincronizado,Disponible bajo solicitud / Por confirmar por ingeniería de COWIN
rcyb-type-permanent-magnet-manual-iron-remover,Altura de suspensión,No hay valor confirmado en el catálogo público sincronizado,Disponible bajo solicitud / Por confirmar por ingeniería de COWIN
rcyb-type-permanent-magnet-manual-iron-remover,Capa de material,No hay valor confirmado en el catálogo público sincronizado,Disponible bajo solicitud / Por confirmar por ingeniería de COWIN
rcyb-type-permanent-magnet-manual-iron-remover,Ambiente,No hay valor confirmado en el catálogo público sincronizado,Disponible bajo solicitud / Por confirmar por ingeniería de COWIN
rcyb-type-permanent-magnet-manual-iron-remover,Configuración de descarga,No hay valor confirmado en el catálogo público sincronizado,Disponible bajo solicitud / Por confirmar por ingeniería de COWIN
rcdb-type-self-cooling-plate-electromagnetic-iron-remover,Alimentación eléctrica,No hay valor confirmado en el catálogo público sincronizado,Disponible bajo solicitud / Por confirmar por ingeniería de COWIN
rcdb-type-self-cooling-plate-electromagnetic-iron-remover,Altura de suspensión,No hay valor confirmado en el catálogo público sincronizado,Disponible bajo solicitud / Por confirmar por ingeniería de COWIN
rcdb-type-self-cooling-plate-electromagnetic-iron-remover,Ancho y velocidad de cinta,No hay valor confirmado en el catálogo público sincronizado,Disponible bajo solicitud / Por confirmar por ingeniería de COWIN
rcdb-type-self-cooling-plate-electromagnetic-iron-remover,Ambiente,No hay valor confirmado en el catálogo público sincronizado,Disponible bajo solicitud / Por confirmar por ingeniería de COWIN
rcdb-type-self-cooling-plate-electromagnetic-iron-remover,Configuración de descarga,No hay valor confirmado en el catálogo público sincronizado,Disponible bajo solicitud / Por confirmar por ingeniería de COWIN
belt-high-gradient-magnetic-separator,Mineral,No hay valor confirmado en el catálogo público sincronizado,Disponible bajo solicitud / Por confirmar por ingeniería de COWIN
belt-high-gradient-magnetic-separator,Granulometría,No hay valor confirmado en el catálogo público sincronizado,Disponible bajo solicitud / Por confirmar por ingeniería de COWIN
belt-high-gradient-magnetic-separator,Humedad,No hay valor confirmado en el catálogo público sincronizado,Disponible bajo solicitud / Por confirmar por ingeniería de COWIN
belt-high-gradient-magnetic-separator,Capacidad,No hay valor confirmado en el catálogo público sincronizado,Disponible bajo solicitud / Por confirmar por ingeniería de COWIN
belt-high-gradient-magnetic-separator,Objetivo de separación,No hay valor confirmado en el catálogo público sincronizado,Disponible bajo solicitud / Por confirmar por ingeniería de COWIN
disc-magnetic-separator-for-tailing,Mineral,No hay valor confirmado en el catálogo público sincronizado,Disponible bajo solicitud / Por confirmar por ingeniería de COWIN
disc-magnetic-separator-for-tailing,Granulometría,No hay valor confirmado en el catálogo público sincronizado,Disponible bajo solicitud / Por confirmar por ingeniería de COWIN
disc-magnetic-separator-for-tailing,Humedad,No hay valor confirmado en el catálogo público sincronizado,Disponible bajo solicitud / Por confirmar por ingeniería de COWIN
disc-magnetic-separator-for-tailing,Capacidad,No hay valor confirmado en el catálogo público sincronizado,Disponible bajo solicitud / Por confirmar por ingeniería de COWIN
disc-magnetic-separator-for-tailing,Objetivo de separación,No hay valor confirmado en el catálogo público sincronizado,Disponible bajo solicitud / Por confirmar por ingeniería de COWIN
dry-drum-magnetic-separator,Mineral,No hay valor confirmado en el catálogo público sincronizado,Disponible bajo solicitud / Por confirmar por ingeniería de COWIN
dry-drum-magnetic-separator,Granulometría,No hay valor confirmado en el catálogo público sincronizado,Disponible bajo solicitud / Por confirmar por ingeniería de COWIN
dry-drum-magnetic-separator,Humedad,No hay valor confirmado en el catálogo público sincronizado,Disponible bajo solicitud / Por confirmar por ingeniería de COWIN
dry-drum-magnetic-separator,Capacidad,No hay valor confirmado en el catálogo público sincronizado,Disponible bajo solicitud / Por confirmar por ingeniería de COWIN
dry-drum-magnetic-separator,Objetivo de separación,No hay valor confirmado en el catálogo público sincronizado,Disponible bajo solicitud / Por confirmar por ingeniería de COWIN
wet-drum-magnetic-separator,Mineralogía,No hay valor confirmado en el catálogo público sincronizado,Disponible bajo solicitud / Por confirmar por ingeniería de COWIN
wet-drum-magnetic-separator,Granulometría,No hay valor confirmado en el catálogo público sincronizado,Disponible bajo solicitud / Por confirmar por ingeniería de COWIN
wet-drum-magnetic-separator,Caudal,No hay valor confirmado en el catálogo público sincronizado,Disponible bajo solicitud / Por confirmar por ingeniería de COWIN
wet-drum-magnetic-separator,Porcentaje de sólidos,No hay valor confirmado en el catálogo público sincronizado,Disponible bajo solicitud / Por confirmar por ingeniería de COWIN
wet-drum-magnetic-separator,Objetivo de separación,No hay valor confirmado en el catálogo público sincronizado,Disponible bajo solicitud / Por confirmar por ingeniería de COWIN
cbz-type-rotary-automatic-magnetic-separator,Abertura o diámetro,No hay valor confirmado en el catálogo público sincronizado,Disponible bajo solicitud / Por confirmar por ingeniería de COWIN
cbz-type-rotary-automatic-magnetic-separator,Barras o elementos magnéticos,No hay valor confirmado en el catálogo público sincronizado,Disponible bajo solicitud / Por confirmar por ingeniería de COWIN
cbz-type-rotary-automatic-magnetic-separator,Caudal,No hay valor confirmado en el catálogo público sincronizado,Disponible bajo solicitud / Por confirmar por ingeniería de COWIN
cbz-type-rotary-automatic-magnetic-separator,Material de construcción,No hay valor confirmado en el catálogo público sincronizado,Disponible bajo solicitud / Por confirmar por ingeniería de COWIN
cgb-type-rotary-semi-automatic-magnetic-separator,Abertura o diámetro,No hay valor confirmado en el catálogo público sincronizado,Disponible bajo solicitud / Por confirmar por ingeniería de COWIN
cgb-type-rotary-semi-automatic-magnetic-separator,Barras o elementos magnéticos,No hay valor confirmado en el catálogo público sincronizado,Disponible bajo solicitud / Por confirmar por ingeniería de COWIN
cgb-type-rotary-semi-automatic-magnetic-separator,Caudal,No hay valor confirmado en el catálogo público sincronizado,Disponible bajo solicitud / Por confirmar por ingeniería de COWIN
cgb-type-rotary-semi-automatic-magnetic-separator,Material de construcción,No hay valor confirmado en el catálogo público sincronizado,Disponible bajo solicitud / Por confirmar por ingeniería de COWIN
cqz-type-fully-automatic-online-magnetic-separator,Abertura o diámetro,No hay valor confirmado en el catálogo público sincronizado,Disponible bajo solicitud / Por confirmar por ingeniería de COWIN
cqz-type-fully-automatic-online-magnetic-separator,Barras o elementos magnéticos,No hay valor confirmado en el catálogo público sincronizado,Disponible bajo solicitud / Por confirmar por ingeniería de COWIN
cqz-type-fully-automatic-online-magnetic-separator,Caudal,No hay valor confirmado en el catálogo público sincronizado,Disponible bajo solicitud / Por confirmar por ingeniería de COWIN
cqz-type-fully-automatic-online-magnetic-separator,Material de construcción,No hay valor confirmado en el catálogo público sincronizado,Disponible bajo solicitud / Por confirmar por ingeniería de COWIN
ctn-wet-full-countercurrent-magnetic-separator,Mineralogía,No hay valor confirmado en el catálogo público sincronizado,Disponible bajo solicitud / Por confirmar por ingeniería de COWIN
ctn-wet-full-countercurrent-magnetic-separator,Granulometría,No hay valor confirmado en el catálogo público sincronizado,Disponible bajo solicitud / Por confirmar por ingeniería de COWIN
ctn-wet-full-countercurrent-magnetic-separator,Caudal,No hay valor confirmado en el catálogo público sincronizado,Disponible bajo solicitud / Por confirmar por ingeniería de COWIN
ctn-wet-full-countercurrent-magnetic-separator,Porcentaje de sólidos,No hay valor confirmado en el catálogo público sincronizado,Disponible bajo solicitud / Por confirmar por ingeniería de COWIN
ctn-wet-full-countercurrent-magnetic-separator,Objetivo de separación,No hay valor confirmado en el catálogo público sincronizado,Disponible bajo solicitud / Por confirmar por ingeniería de COWIN
cts-type-wet-co-current-magnetic-separator,Mineralogía,No hay valor confirmado en el catálogo público sincronizado,Disponible bajo solicitud / Por confirmar por ingeniería de COWIN
cts-type-wet-co-current-magnetic-separator,Granulometría,No hay valor confirmado en el catálogo público sincronizado,Disponible bajo solicitud / Por confirmar por ingeniería de COWIN
cts-type-wet-co-current-magnetic-separator,Caudal,No hay valor confirmado en el catálogo público sincronizado,Disponible bajo solicitud / Por confirmar por ingeniería de COWIN
cts-type-wet-co-current-magnetic-separator,Porcentaje de sólidos,No hay valor confirmado en el catálogo público sincronizado,Disponible bajo solicitud / Por confirmar por ingeniería de COWIN
cts-type-wet-co-current-magnetic-separator,Objetivo de separación,No hay valor confirmado en el catálogo público sincronizado,Disponible bajo solicitud / Por confirmar por ingeniería de COWIN
cxj-drum-type-automatic-magnetic-separator,Abertura o diámetro,No hay valor confirmado en el catálogo público sincronizado,Disponible bajo solicitud / Por confirmar por ingeniería de COWIN
cxj-drum-type-automatic-magnetic-separator,Barras o elementos magnéticos,No hay valor confirmado en el catálogo público sincronizado,Disponible bajo solicitud / Por confirmar por ingeniería de COWIN
cxj-drum-type-automatic-magnetic-separator,Caudal,No hay valor confirmado en el catálogo público sincronizado,Disponible bajo solicitud / Por confirmar por ingeniería de COWIN
cxj-drum-type-automatic-magnetic-separator,Material de construcción,No hay valor confirmado en el catálogo público sincronizado,Disponible bajo solicitud / Por confirmar por ingeniería de COWIN
dcz-type-dry-fully-automatic-magnetic-separator,Abertura o diámetro,No hay valor confirmado en el catálogo público sincronizado,Disponible bajo solicitud / Por confirmar por ingeniería de COWIN
dcz-type-dry-fully-automatic-magnetic-separator,Barras o elementos magnéticos,No hay valor confirmado en el catálogo público sincronizado,Disponible bajo solicitud / Por confirmar por ingeniería de COWIN
dcz-type-dry-fully-automatic-magnetic-separator,Caudal,No hay valor confirmado en el catálogo público sincronizado,Disponible bajo solicitud / Por confirmar por ingeniería de COWIN
dcz-type-dry-fully-automatic-magnetic-separator,Material de construcción,No hay valor confirmado en el catálogo público sincronizado,Disponible bajo solicitud / Por confirmar por ingeniería de COWIN
gls-type-integral-channel-metal-separator,Ventana de detección,No hay valor confirmado en el catálogo público sincronizado,Disponible bajo solicitud / Por confirmar por ingeniería de COWIN
gls-type-integral-channel-metal-separator,Producto de prueba,No hay valor confirmado en el catálogo público sincronizado,Disponible bajo solicitud / Por confirmar por ingeniería de COWIN
gls-type-integral-channel-metal-separator,Velocidad,No hay valor confirmado en el catálogo público sincronizado,Disponible bajo solicitud / Por confirmar por ingeniería de COWIN
gls-type-integral-channel-metal-separator,Alarma e interbloqueo,No hay valor confirmado en el catálogo público sincronizado,Disponible bajo solicitud / Por confirmar por ingeniería de COWIN
cgt-type-super-strong-full-magnetic-drum,Mineral,No hay valor confirmado en el catálogo público sincronizado,Disponible bajo solicitud / Por confirmar por ingeniería de COWIN
cgt-type-super-strong-full-magnetic-drum,Granulometría,No hay valor confirmado en el catálogo público sincronizado,Disponible bajo solicitud / Por confirmar por ingeniería de COWIN
cgt-type-super-strong-full-magnetic-drum,Humedad,No hay valor confirmado en el catálogo público sincronizado,Disponible bajo solicitud / Por confirmar por ingeniería de COWIN
cgt-type-super-strong-full-magnetic-drum,Capacidad,No hay valor confirmado en el catálogo público sincronizado,Disponible bajo solicitud / Por confirmar por ingeniería de COWIN
cgt-type-super-strong-full-magnetic-drum,Objetivo de separación,No hay valor confirmado en el catálogo público sincronizado,Disponible bajo solicitud / Por confirmar por ingeniería de COWIN
ctz-type-midfield-strong-semi-magnetic-drum,Mineral,No hay valor confirmado en el catálogo público sincronizado,Disponible bajo solicitud / Por confirmar por ingeniería de COWIN
ctz-type-midfield-strong-semi-magnetic-drum,Granulometría,No hay valor confirmado en el catálogo público sincronizado,Disponible bajo solicitud / Por confirmar por ingeniería de COWIN
ctz-type-midfield-strong-semi-magnetic-drum,Humedad,No hay valor confirmado en el catálogo público sincronizado,Disponible bajo solicitud / Por confirmar por ingeniería de COWIN
ctz-type-midfield-strong-semi-magnetic-drum,Capacidad,No hay valor confirmado en el catálogo público sincronizado,Disponible bajo solicitud / Por confirmar por ingeniería de COWIN
ctz-type-midfield-strong-semi-magnetic-drum,Objetivo de separación,No hay valor confirmado en el catálogo público sincronizado,Disponible bajo solicitud / Por confirmar por ingeniería de COWIN
rcda-type-air-cooled-electromagnetic-iron-remover,Alimentación eléctrica,No hay valor confirmado en el catálogo público sincronizado,Disponible bajo solicitud / Por confirmar por ingeniería de COWIN
rcda-type-air-cooled-electromagnetic-iron-remover,Altura de suspensión,No hay valor confirmado en el catálogo público sincronizado,Disponible bajo solicitud / Por confirmar por ingeniería de COWIN
rcda-type-air-cooled-electromagnetic-iron-remover,Ancho y velocidad de cinta,No hay valor confirmado en el catálogo público sincronizado,Disponible bajo solicitud / Por confirmar por ingeniería de COWIN
rcda-type-air-cooled-electromagnetic-iron-remover,Ambiente,No hay valor confirmado en el catálogo público sincronizado,Disponible bajo solicitud / Por confirmar por ingeniería de COWIN
rcda-type-air-cooled-electromagnetic-iron-remover,Configuración de descarga,No hay valor confirmado en el catálogo público sincronizado,Disponible bajo solicitud / Por confirmar por ingeniería de COWIN
rcdc-type-air-cooled-self-dumping-electromagnetic-iron-remover,Alimentación eléctrica,No hay valor confirmado en el catálogo público sincronizado,Disponible bajo solicitud / Por confirmar por ingeniería de COWIN
rcdc-type-air-cooled-self-dumping-electromagnetic-iron-remover,Altura de suspensión,No hay valor confirmado en el catálogo público sincronizado,Disponible bajo solicitud / Por confirmar por ingeniería de COWIN
rcdc-type-air-cooled-self-dumping-electromagnetic-iron-remover,Ancho y velocidad de cinta,No hay valor confirmado en el catálogo público sincronizado,Disponible bajo solicitud / Por confirmar por ingeniería de COWIN
rcdc-type-air-cooled-self-dumping-electromagnetic-iron-remover,Ambiente,No hay valor confirmado en el catálogo público sincronizado,Disponible bajo solicitud / Por confirmar por ingeniería de COWIN
rcdc-type-air-cooled-self-dumping-electromagnetic-iron-remover,Configuración de descarga,No hay valor confirmado en el catálogo público sincronizado,Disponible bajo solicitud / Por confirmar por ingeniería de COWIN
rcde-type-oil-cooled-electromagnetic-iron-remover,Alimentación eléctrica,No hay valor confirmado en el catálogo público sincronizado,Disponible bajo solicitud / Por confirmar por ingeniería de COWIN
rcde-type-oil-cooled-electromagnetic-iron-remover,Altura de suspensión,No hay valor confirmado en el catálogo público sincronizado,Disponible bajo solicitud / Por confirmar por ingeniería de COWIN
rcde-type-oil-cooled-electromagnetic-iron-remover,Ancho y velocidad de cinta,No hay valor confirmado en el catálogo público sincronizado,Disponible bajo solicitud / Por confirmar por ingeniería de COWIN
rcde-type-oil-cooled-electromagnetic-iron-remover,Ambiente,No hay valor confirmado en el catálogo público sincronizado,Disponible bajo solicitud / Por confirmar por ingeniería de COWIN
rcde-type-oil-cooled-electromagnetic-iron-remover,Configuración de descarga,No hay valor confirmado en el catálogo público sincronizado,Disponible bajo solicitud / Por confirmar por ingeniería de COWIN
rcdf-oil-cooled-self-dumping-electromagnetic-iron-remover,Alimentación eléctrica,No hay valor confirmado en el catálogo público sincronizado,Disponible bajo solicitud / Por confirmar por ingeniería de COWIN
rcdf-oil-cooled-self-dumping-electromagnetic-iron-remover,Altura de suspensión,No hay valor confirmado en el catálogo público sincronizado,Disponible bajo solicitud / Por confirmar por ingeniería de COWIN
rcdf-oil-cooled-self-dumping-electromagnetic-iron-remover,Ancho y velocidad de cinta,No hay valor confirmado en el catálogo público sincronizado,Disponible bajo solicitud / Por confirmar por ingeniería de COWIN
rcdf-oil-cooled-self-dumping-electromagnetic-iron-remover,Ambiente,No hay valor confirmado en el catálogo público sincronizado,Disponible bajo solicitud / Por confirmar por ingeniería de COWIN
rcdf-oil-cooled-self-dumping-electromagnetic-iron-remover,Configuración de descarga,No hay valor confirmado en el catálogo público sincronizado,Disponible bajo solicitud / Por confirmar por ingeniería de COWIN
rcdfj-type-forced-oil-circulation-self-dumping-electromagnetic-iron-remover,Alimentación eléctrica,No hay valor confirmado en el catálogo público sincronizado,Disponible bajo solicitud / Por confirmar por ingeniería de COWIN
rcdfj-type-forced-oil-circulation-self-dumping-electromagnetic-iron-remover,Altura de suspensión,No hay valor confirmado en el catálogo público sincronizado,Disponible bajo solicitud / Por confirmar por ingeniería de COWIN
rcdfj-type-forced-oil-circulation-self-dumping-electromagnetic-iron-remover,Ancho y velocidad de cinta,No hay valor confirmado en el catálogo público sincronizado,Disponible bajo solicitud / Por confirmar por ingeniería de COWIN
rcdfj-type-forced-oil-circulation-self-dumping-electromagnetic-iron-remover,Ambiente,No hay valor confirmado en el catálogo público sincronizado,Disponible bajo solicitud / Por confirmar por ingeniería de COWIN
rcdfj-type-forced-oil-circulation-self-dumping-electromagnetic-iron-remover,Configuración de descarga,No hay valor confirmado en el catálogo público sincronizado,Disponible bajo solicitud / Por confirmar por ingeniería de COWIN
rcps-self-dumping-disc-type-permanent-magnet-iron-remover,Ancho y velocidad de cinta,No hay valor confirmado en el catálogo público sincronizado,Disponible bajo solicitud / Por confirmar por ingeniería de COWIN
rcps-self-dumping-disc-type-permanent-magnet-iron-remover,Altura de suspensión,No hay valor confirmado en el catálogo público sincronizado,Disponible bajo solicitud / Por confirmar por ingeniería de COWIN
rcps-self-dumping-disc-type-permanent-magnet-iron-remover,Capa de material,No hay valor confirmado en el catálogo público sincronizado,Disponible bajo solicitud / Por confirmar por ingeniería de COWIN
rcps-self-dumping-disc-type-permanent-magnet-iron-remover,Ambiente,No hay valor confirmado en el catálogo público sincronizado,Disponible bajo solicitud / Por confirmar por ingeniería de COWIN
rcps-self-dumping-disc-type-permanent-magnet-iron-remover,Configuración de descarga,No hay valor confirmado en el catálogo público sincronizado,Disponible bajo solicitud / Por confirmar por ingeniería de COWIN
rct-type-fully-magnetic-drum,Mineral,No hay valor confirmado en el catálogo público sincronizado,Disponible bajo solicitud / Por confirmar por ingeniería de COWIN
rct-type-fully-magnetic-drum,Granulometría,No hay valor confirmado en el catálogo público sincronizado,Disponible bajo solicitud / Por confirmar por ingeniería de COWIN
rct-type-fully-magnetic-drum,Humedad,No hay valor confirmado en el catálogo público sincronizado,Disponible bajo solicitud / Por confirmar por ingeniería de COWIN
rct-type-fully-magnetic-drum,Capacidad,No hay valor confirmado en el catálogo público sincronizado,Disponible bajo solicitud / Por confirmar por ingeniería de COWIN
rct-type-fully-magnetic-drum,Objetivo de separación,No hay valor confirmado en el catálogo público sincronizado,Disponible bajo solicitud / Por confirmar por ingeniería de COWIN
rcya-type-inclined-pipeline-permanent-magnet-iron-remover,Abertura o diámetro,No hay valor confirmado en el catálogo público sincronizado,Disponible bajo solicitud / Por confirmar por ingeniería de COWIN
rcya-type-inclined-pipeline-permanent-magnet-iron-remover,Barras o elementos magnéticos,No hay valor confirmado en el catálogo público sincronizado,Disponible bajo solicitud / Por confirmar por ingeniería de COWIN
rcya-type-inclined-pipeline-permanent-magnet-iron-remover,Caudal,No hay valor confirmado en el catálogo público sincronizado,Disponible bajo solicitud / Por confirmar por ingeniería de COWIN
rcya-type-inclined-pipeline-permanent-magnet-iron-remover,Material de construcción,No hay valor confirmado en el catálogo público sincronizado,Disponible bajo solicitud / Por confirmar por ingeniería de COWIN
rcydii-type-permanent-magnet-self-dumping-iron-remover,Ancho y velocidad de cinta,No hay valor confirmado en el catálogo público sincronizado,Disponible bajo solicitud / Por confirmar por ingeniería de COWIN
rcydii-type-permanent-magnet-self-dumping-iron-remover,Altura de suspensión,No hay valor confirmado en el catálogo público sincronizado,Disponible bajo solicitud / Por confirmar por ingeniería de COWIN
rcydii-type-permanent-magnet-self-dumping-iron-remover,Capa de material,No hay valor confirmado en el catálogo público sincronizado,Disponible bajo solicitud / Por confirmar por ingeniería de COWIN
rcydii-type-permanent-magnet-self-dumping-iron-remover,Ambiente,No hay valor confirmado en el catálogo público sincronizado,Disponible bajo solicitud / Por confirmar por ingeniería de COWIN
rcydii-type-permanent-magnet-self-dumping-iron-remover,Configuración de descarga,No hay valor confirmado en el catálogo público sincronizado,Disponible bajo solicitud / Por confirmar por ingeniería de COWIN
rcye-type-permanent-magnet-self-dumping-iron-remover,Ancho y velocidad de cinta,No hay valor confirmado en el catálogo público sincronizado,Disponible bajo solicitud / Por confirmar por ingeniería de COWIN
rcye-type-permanent-magnet-self-dumping-iron-remover,Altura de suspensión,No hay valor confirmado en el catálogo público sincronizado,Disponible bajo solicitud / Por confirmar por ingeniería de COWIN
rcye-type-permanent-magnet-self-dumping-iron-remover,Capa de material,No hay valor confirmado en el catálogo público sincronizado,Disponible bajo solicitud / Por confirmar por ingeniería de COWIN
rcye-type-permanent-magnet-self-dumping-iron-remover,Ambiente,No hay valor confirmado en el catálogo público sincronizado,Disponible bajo solicitud / Por confirmar por ingeniería de COWIN
rcye-type-permanent-magnet-self-dumping-iron-remover,Configuración de descarga,No hay valor confirmado en el catálogo público sincronizado,Disponible bajo solicitud / Por confirmar por ingeniería de COWIN
rcyf-type-vertical-pipeline-permanent-magnet-iron-remover,Abertura o diámetro,No hay valor confirmado en el catálogo público sincronizado,Disponible bajo solicitud / Por confirmar por ingeniería de COWIN
rcyf-type-vertical-pipeline-permanent-magnet-iron-remover,Barras o elementos magnéticos,No hay valor confirmado en el catálogo público sincronizado,Disponible bajo solicitud / Por confirmar por ingeniería de COWIN
rcyf-type-vertical-pipeline-permanent-magnet-iron-remover,Caudal,No hay valor confirmado en el catálogo público sincronizado,Disponible bajo solicitud / Por confirmar por ingeniería de COWIN
rcyf-type-vertical-pipeline-permanent-magnet-iron-remover,Material de construcción,No hay valor confirmado en el catálogo público sincronizado,Disponible bajo solicitud / Por confirmar por ingeniería de COWIN
rcyg-type-pipeline-self-dumping-permanent-magnet-iron-remover,Abertura o diámetro,No hay valor confirmado en el catálogo público sincronizado,Disponible bajo solicitud / Por confirmar por ingeniería de COWIN
rcyg-type-pipeline-self-dumping-permanent-magnet-iron-remover,Barras o elementos magnéticos,No hay valor confirmado en el catálogo público sincronizado,Disponible bajo solicitud / Por confirmar por ingeniería de COWIN
rcyg-type-pipeline-self-dumping-permanent-magnet-iron-remover,Caudal,No hay valor confirmado en el catálogo público sincronizado,Disponible bajo solicitud / Por confirmar por ingeniería de COWIN
rcyg-type-pipeline-self-dumping-permanent-magnet-iron-remover,Material de construcción,No hay valor confirmado en el catálogo público sincronizado,Disponible bajo solicitud / Por confirmar por ingeniería de COWIN
rcyp-type-permanent-magnet-manual-self-dumping-iron-remover,Ancho y velocidad de cinta,No hay valor confirmado en el catálogo público sincronizado,Disponible bajo solicitud / Por confirmar por ingeniería de COWIN
rcyp-type-permanent-magnet-manual-self-dumping-iron-remover,Altura de suspensión,No hay valor confirmado en el catálogo público sincronizado,Disponible bajo solicitud / Por confirmar por ingeniería de COWIN
rcyp-type-permanent-magnet-manual-self-dumping-iron-remover,Capa de material,No hay valor confirmado en el catálogo público sincronizado,Disponible bajo solicitud / Por confirmar por ingeniería de COWIN
rcyp-type-permanent-magnet-manual-self-dumping-iron-remover,Ambiente,No hay valor confirmado en el catálogo público sincronizado,Disponible bajo solicitud / Por confirmar por ingeniería de COWIN
rcyp-type-permanent-magnet-manual-self-dumping-iron-remover,Configuración de descarga,No hay valor confirmado en el catálogo público sincronizado,Disponible bajo solicitud / Por confirmar por ingeniería de COWIN
rcyz-type-vertical-pipeline-permanent-magnet-iron-remover,Abertura o diámetro,No hay valor confirmado en el catálogo público sincronizado,Disponible bajo solicitud / Por confirmar por ingeniería de COWIN
rcyz-type-vertical-pipeline-permanent-magnet-iron-remover,Barras o elementos magnéticos,No hay valor confirmado en el catálogo público sincronizado,Disponible bajo solicitud / Por confirmar por ingeniería de COWIN
rcyz-type-vertical-pipeline-permanent-magnet-iron-remover,Caudal,No hay valor confirmado en el catálogo público sincronizado,Disponible bajo solicitud / Por confirmar por ingeniería de COWIN
rcyz-type-vertical-pipeline-permanent-magnet-iron-remover,Material de construcción,No hay valor confirmado en el catálogo público sincronizado,Disponible bajo solicitud / Por confirmar por ingeniería de COWIN
cqz-type-fully-automatic-online-magnetic-separation,Abertura o diámetro,No hay valor confirmado en el catálogo público sincronizado,Disponible bajo solicitud / Por confirmar por ingeniería de COWIN
cqz-type-fully-automatic-online-magnetic-separation,Barras o elementos magnéticos,No hay valor confirmado en el catálogo público sincronizado,Disponible bajo solicitud / Por confirmar por ingeniería de COWIN
cqz-type-fully-automatic-online-magnetic-separation,Caudal,No hay valor confirmado en el catálogo público sincronizado,Disponible bajo solicitud / Por confirmar por ingeniería de COWIN
cqz-type-fully-automatic-online-magnetic-separation,Material de construcción,No hay valor confirmado en el catálogo público sincronizado,Disponible bajo solicitud / Por confirmar por ingeniería de COWIN
ctb-wet-semi-countercurrent-magnetic-separator,Mineralogía,No hay valor confirmado en el catálogo público sincronizado,Disponible bajo solicitud / Por confirmar por ingeniería de COWIN
ctb-wet-semi-countercurrent-magnetic-separator,Granulometría,No hay valor confirmado en el catálogo público sincronizado,Disponible bajo solicitud / Por confirmar por ingeniería de COWIN
ctb-wet-semi-countercurrent-magnetic-separator,Caudal,No hay valor confirmado en el catálogo público sincronizado,Disponible bajo solicitud / Por confirmar por ingeniería de COWIN
ctb-wet-semi-countercurrent-magnetic-separator,Porcentaje de sólidos,No hay valor confirmado en el catálogo público sincronizado,Disponible bajo solicitud / Por confirmar por ingeniería de COWIN
ctb-wet-semi-countercurrent-magnetic-separator,Objetivo de separación,No hay valor confirmado en el catálogo público sincronizado,Disponible bajo solicitud / Por confirmar por ingeniería de COWIN
dcx-wet-fully-automatic-magnetic-separator,Abertura o diámetro,No hay valor confirmado en el catálogo público sincronizado,Disponible bajo solicitud / Por confirmar por ingeniería de COWIN
dcx-wet-fully-automatic-magnetic-separator,Barras o elementos magnéticos,No hay valor confirmado en el catálogo público sincronizado,Disponible bajo solicitud / Por confirmar por ingeniería de COWIN
dcx-wet-fully-automatic-magnetic-separator,Caudal,No hay valor confirmado en el catálogo público sincronizado,Disponible bajo solicitud / Por confirmar por ingeniería de COWIN
dcx-wet-fully-automatic-magnetic-separator,Material de construcción,No hay valor confirmado en el catálogo público sincronizado,Disponible bajo solicitud / Por confirmar por ingeniería de COWIN
dcz-type-dry-fully-automatic-magnetic-separation,Abertura o diámetro,No hay valor confirmado en el catálogo público sincronizado,Disponible bajo solicitud / Por confirmar por ingeniería de COWIN
dcz-type-dry-fully-automatic-magnetic-separation,Barras o elementos magnéticos,No hay valor confirmado en el catálogo público sincronizado,Disponible bajo solicitud / Por confirmar por ingeniería de COWIN
dcz-type-dry-fully-automatic-magnetic-separation,Caudal,No hay valor confirmado en el catálogo público sincronizado,Disponible bajo solicitud / Por confirmar por ingeniería de COWIN
dcz-type-dry-fully-automatic-magnetic-separation,Material de construcción,No hay valor confirmado en el catálogo público sincronizado,Disponible bajo solicitud / Por confirmar por ingeniería de COWIN
gtc-wet-plate-magnetic-separator,Mineral,No hay valor confirmado en el catálogo público sincronizado,Disponible bajo solicitud / Por confirmar por ingeniería de COWIN
gtc-wet-plate-magnetic-separator,Granulometría,No hay valor confirmado en el catálogo público sincronizado,Disponible bajo solicitud / Por confirmar por ingeniería de COWIN
gtc-wet-plate-magnetic-separator,Humedad,No hay valor confirmado en el catálogo público sincronizado,Disponible bajo solicitud / Por confirmar por ingeniería de COWIN
gtc-wet-plate-magnetic-separator,Capacidad,No hay valor confirmado en el catálogo público sincronizado,Disponible bajo solicitud / Por confirmar por ingeniería de COWIN
gtc-wet-plate-magnetic-separator,Objetivo de separación,No hay valor confirmado en el catálogo público sincronizado,Disponible bajo solicitud / Por confirmar por ingeniería de COWIN
hjlh-wet-vertical-ring-high-gradient-magnetic-separator,Mineral,No hay valor confirmado en el catálogo público sincronizado,Disponible bajo solicitud / Por confirmar por ingeniería de COWIN
hjlh-wet-vertical-ring-high-gradient-magnetic-separator,Granulometría,No hay valor confirmado en el catálogo público sincronizado,Disponible bajo solicitud / Por confirmar por ingeniería de COWIN
hjlh-wet-vertical-ring-high-gradient-magnetic-separator,Humedad,No hay valor confirmado en el catálogo público sincronizado,Disponible bajo solicitud / Por confirmar por ingeniería de COWIN
hjlh-wet-vertical-ring-high-gradient-magnetic-separator,Capacidad,No hay valor confirmado en el catálogo público sincronizado,Disponible bajo solicitud / Por confirmar por ingeniería de COWIN
hjlh-wet-vertical-ring-high-gradient-magnetic-separator,Objetivo de separación,No hay valor confirmado en el catálogo público sincronizado,Disponible bajo solicitud / Por confirmar por ingeniería de COWIN
hjpc-wet-disc-magnetic-separation,Mineral,No hay valor confirmado en el catálogo público sincronizado,Disponible bajo solicitud / Por confirmar por ingeniería de COWIN
hjpc-wet-disc-magnetic-separation,Granulometría,No hay valor confirmado en el catálogo público sincronizado,Disponible bajo solicitud / Por confirmar por ingeniería de COWIN
hjpc-wet-disc-magnetic-separation,Humedad,No hay valor confirmado en el catálogo público sincronizado,Disponible bajo solicitud / Por confirmar por ingeniería de COWIN
hjpc-wet-disc-magnetic-separation,Capacidad,No hay valor confirmado en el catálogo público sincronizado,Disponible bajo solicitud / Por confirmar por ingeniería de COWIN
hjpc-wet-disc-magnetic-separation,Objetivo de separación,No hay valor confirmado en el catálogo público sincronizado,Disponible bajo solicitud / Por confirmar por ingeniería de COWIN
clt-type-magnetic-desliming-tank,Mineral,No hay valor confirmado en el catálogo público sincronizado,Disponible bajo solicitud / Por confirmar por ingeniería de COWIN
clt-type-magnetic-desliming-tank,Granulometría,No hay valor confirmado en el catálogo público sincronizado,Disponible bajo solicitud / Por confirmar por ingeniería de COWIN
clt-type-magnetic-desliming-tank,Humedad,No hay valor confirmado en el catálogo público sincronizado,Disponible bajo solicitud / Por confirmar por ingeniería de COWIN
clt-type-magnetic-desliming-tank,Capacidad,No hay valor confirmado en el catálogo público sincronizado,Disponible bajo solicitud / Por confirmar por ingeniería de COWIN
clt-type-magnetic-desliming-tank,Objetivo de separación,No hay valor confirmado en el catálogo público sincronizado,Disponible bajo solicitud / Por confirmar por ingeniería de COWIN
ctb-type-semi-countercurrent-wet-selection-machine,Mineralogía,No hay valor confirmado en el catálogo público sincronizado,Disponible bajo solicitud / Por confirmar por ingeniería de COWIN
ctb-type-semi-countercurrent-wet-selection-machine,Granulometría,No hay valor confirmado en el catálogo público sincronizado,Disponible bajo solicitud / Por confirmar por ingeniería de COWIN
ctb-type-semi-countercurrent-wet-selection-machine,Caudal,No hay valor confirmado en el catálogo público sincronizado,Disponible bajo solicitud / Por confirmar por ingeniería de COWIN
ctb-type-semi-countercurrent-wet-selection-machine,Porcentaje de sólidos,No hay valor confirmado en el catálogo público sincronizado,Disponible bajo solicitud / Por confirmar por ingeniería de COWIN
ctb-type-semi-countercurrent-wet-selection-machine,Objetivo de separación,No hay valor confirmado en el catálogo público sincronizado,Disponible bajo solicitud / Por confirmar por ingeniería de COWIN
ctdg-type-permanent-magnet-bulk-dry-magnetic-separator,Mineral,No hay valor confirmado en el catálogo público sincronizado,Disponible bajo solicitud / Por confirmar por ingeniería de COWIN
ctdg-type-permanent-magnet-bulk-dry-magnetic-separator,Granulometría,No hay valor confirmado en el catálogo público sincronizado,Disponible bajo solicitud / Por confirmar por ingeniería de COWIN
ctdg-type-permanent-magnet-bulk-dry-magnetic-separator,Humedad,No hay valor confirmado en el catálogo público sincronizado,Disponible bajo solicitud / Por confirmar por ingeniería de COWIN
ctdg-type-permanent-magnet-bulk-dry-magnetic-separator,Capacidad,No hay valor confirmado en el catálogo público sincronizado,Disponible bajo solicitud / Por confirmar por ingeniería de COWIN
ctdg-type-permanent-magnet-bulk-dry-magnetic-separator,Objetivo de separación,No hay valor confirmado en el catálogo público sincronizado,Disponible bajo solicitud / Por confirmar por ingeniería de COWIN
ctn-type-full-countercurrent-wet-magnetic-separator,Mineralogía,No hay valor confirmado en el catálogo público sincronizado,Disponible bajo solicitud / Por confirmar por ingeniería de COWIN
ctn-type-full-countercurrent-wet-magnetic-separator,Granulometría,No hay valor confirmado en el catálogo público sincronizado,Disponible bajo solicitud / Por confirmar por ingeniería de COWIN
ctn-type-full-countercurrent-wet-magnetic-separator,Caudal,No hay valor confirmado en el catálogo público sincronizado,Disponible bajo solicitud / Por confirmar por ingeniería de COWIN
ctn-type-full-countercurrent-wet-magnetic-separator,Porcentaje de sólidos,No hay valor confirmado en el catálogo público sincronizado,Disponible bajo solicitud / Por confirmar por ingeniería de COWIN
ctn-type-full-countercurrent-wet-magnetic-separator,Objetivo de separación,No hay valor confirmado en el catálogo público sincronizado,Disponible bajo solicitud / Por confirmar por ingeniería de COWIN
cts-type-downstream-wet-pre-selection-machine,Mineralogía,No hay valor confirmado en el catálogo público sincronizado,Disponible bajo solicitud / Por confirmar por ingeniería de COWIN
cts-type-downstream-wet-pre-selection-machine,Granulometría,No hay valor confirmado en el catálogo público sincronizado,Disponible bajo solicitud / Por confirmar por ingeniería de COWIN
cts-type-downstream-wet-pre-selection-machine,Caudal,No hay valor confirmado en el catálogo público sincronizado,Disponible bajo solicitud / Por confirmar por ingeniería de COWIN
cts-type-downstream-wet-pre-selection-machine,Porcentaje de sólidos,No hay valor confirmado en el catálogo público sincronizado,Disponible bajo solicitud / Por confirmar por ingeniería de COWIN
cts-type-downstream-wet-pre-selection-machine,Objetivo de separación,No hay valor confirmado en el catálogo público sincronizado,Disponible bajo solicitud / Por confirmar por ingeniería de COWIN
ctzs-type-upward-suction-magnetic-separator,Mineral,No hay valor confirmado en el catálogo público sincronizado,Disponible bajo solicitud / Por confirmar por ingeniería de COWIN
ctzs-type-upward-suction-magnetic-separator,Granulometría,No hay valor confirmado en el catálogo público sincronizado,Disponible bajo solicitud / Por confirmar por ingeniería de COWIN
ctzs-type-upward-suction-magnetic-separator,Humedad,No hay valor confirmado en el catálogo público sincronizado,Disponible bajo solicitud / Por confirmar por ingeniería de COWIN
ctzs-type-upward-suction-magnetic-separator,Capacidad,No hay valor confirmado en el catálogo público sincronizado,Disponible bajo solicitud / Por confirmar por ingeniería de COWIN
ctzs-type-upward-suction-magnetic-separator,Objetivo de separación,No hay valor confirmado en el catálogo público sincronizado,Disponible bajo solicitud / Por confirmar por ingeniería de COWIN
hcg-type-dry-pre-selection-machine,Ancho y velocidad de cinta,No hay valor confirmado en el catálogo público sincronizado,Disponible bajo solicitud / Por confirmar por ingeniería de COWIN
hcg-type-dry-pre-selection-machine,Altura de suspensión,No hay valor confirmado en el catálogo público sincronizado,Disponible bajo solicitud / Por confirmar por ingeniería de COWIN
hcg-type-dry-pre-selection-machine,Capa de material,No hay valor confirmado en el catálogo público sincronizado,Disponible bajo solicitud / Por confirmar por ingeniería de COWIN
hcg-type-dry-pre-selection-machine,Ambiente,No hay valor confirmado en el catálogo público sincronizado,Disponible bajo solicitud / Por confirmar por ingeniería de COWIN
hcg-type-dry-pre-selection-machine,Configuración de descarga,No hay valor confirmado en el catálogo público sincronizado,Disponible bajo solicitud / Por confirmar por ingeniería de COWIN
hjlh-type-vertical-ring-high-gradient-magnetic-separation,Mineral,No hay valor confirmado en el catálogo público sincronizado,Disponible bajo solicitud / Por confirmar por ingeniería de COWIN
hjlh-type-vertical-ring-high-gradient-magnetic-separation,Granulometría,No hay valor confirmado en el catálogo público sincronizado,Disponible bajo solicitud / Por confirmar por ingeniería de COWIN
hjlh-type-vertical-ring-high-gradient-magnetic-separation,Humedad,No hay valor confirmado en el catálogo público sincronizado,Disponible bajo solicitud / Por confirmar por ingeniería de COWIN
hjlh-type-vertical-ring-high-gradient-magnetic-separation,Capacidad,No hay valor confirmado en el catálogo público sincronizado,Disponible bajo solicitud / Por confirmar por ingeniería de COWIN
hjlh-type-vertical-ring-high-gradient-magnetic-separation,Objetivo de separación,No hay valor confirmado en el catálogo público sincronizado,Disponible bajo solicitud / Por confirmar por ingeniería de COWIN
ljk-type-magnetic-ore-special-iron-remover,Mineral,No hay valor confirmado en el catálogo público sincronizado,Disponible bajo solicitud / Por confirmar por ingeniería de COWIN
ljk-type-magnetic-ore-special-iron-remover,Granulometría,No hay valor confirmado en el catálogo público sincronizado,Disponible bajo solicitud / Por confirmar por ingeniería de COWIN
ljk-type-magnetic-ore-special-iron-remover,Humedad,No hay valor confirmado en el catálogo público sincronizado,Disponible bajo solicitud / Por confirmar por ingeniería de COWIN
ljk-type-magnetic-ore-special-iron-remover,Capacidad,No hay valor confirmado en el catálogo público sincronizado,Disponible bajo solicitud / Por confirmar por ingeniería de COWIN
ljk-type-magnetic-ore-special-iron-remover,Objetivo de separación,No hay valor confirmado en el catálogo público sincronizado,Disponible bajo solicitud / Por confirmar por ingeniería de COWIN
nct-type-concentrated-magnetic-separator,Mineral,No hay valor confirmado en el catálogo público sincronizado,Disponible bajo solicitud / Por confirmar por ingeniería de COWIN
nct-type-concentrated-magnetic-separator,Granulometría,No hay valor confirmado en el catálogo público sincronizado,Disponible bajo solicitud / Por confirmar por ingeniería de COWIN
nct-type-concentrated-magnetic-separator,Humedad,No hay valor confirmado en el catálogo público sincronizado,Disponible bajo solicitud / Por confirmar por ingeniería de COWIN
nct-type-concentrated-magnetic-separator,Capacidad,No hay valor confirmado en el catálogo público sincronizado,Disponible bajo solicitud / Por confirmar por ingeniería de COWIN
nct-type-concentrated-magnetic-separator,Objetivo de separación,No hay valor confirmado en el catálogo público sincronizado,Disponible bajo solicitud / Por confirmar por ingeniería de COWIN
wbc-semi-magnetic-tailings-recovery-machine,Mineral,No hay valor confirmado en el catálogo público sincronizado,Disponible bajo solicitud / Por confirmar por ingeniería de COWIN
wbc-semi-magnetic-tailings-recovery-machine,Granulometría,No hay valor confirmado en el catálogo público sincronizado,Disponible bajo solicitud / Por confirmar por ingeniería de COWIN
wbc-semi-magnetic-tailings-recovery-machine,Humedad,No hay valor confirmado en el catálogo público sincronizado,Disponible bajo solicitud / Por confirmar por ingeniería de COWIN
wbc-semi-magnetic-tailings-recovery-machine,Capacidad,No hay valor confirmado en el catálogo público sincronizado,Disponible bajo solicitud / Por confirmar por ingeniería de COWIN
wbc-semi-magnetic-tailings-recovery-machine,Objetivo de separación,No hay valor confirmado en el catálogo público sincronizado,Disponible bajo solicitud / Por confirmar por ingeniería de COWIN
ctn-type-specialized-magnetic-separator-for-coal-washing,Mineralogía,No hay valor confirmado en el catálogo público sincronizado,Disponible bajo solicitud / Por confirmar por ingeniería de COWIN
ctn-type-specialized-magnetic-separator-for-coal-washing,Granulometría,No hay valor confirmado en el catálogo público sincronizado,Disponible bajo solicitud / Por confirmar por ingeniería de COWIN
ctn-type-specialized-magnetic-separator-for-coal-washing,Caudal,No hay valor confirmado en el catálogo público sincronizado,Disponible bajo solicitud / Por confirmar por ingeniería de COWIN
ctn-type-specialized-magnetic-separator-for-coal-washing,Porcentaje de sólidos,No hay valor confirmado en el catálogo público sincronizado,Disponible bajo solicitud / Por confirmar por ingeniería de COWIN
ctn-type-specialized-magnetic-separator-for-coal-washing,Objetivo de separación,No hay valor confirmado en el catálogo público sincronizado,Disponible bajo solicitud / Por confirmar por ingeniería de COWIN
hmdn-coal-washing-special-magnetic-separator,Mineralogía,No hay valor confirmado en el catálogo público sincronizado,Disponible bajo solicitud / Por confirmar por ingeniería de COWIN
hmdn-coal-washing-special-magnetic-separator,Granulometría,No hay valor confirmado en el catálogo público sincronizado,Disponible bajo solicitud / Por confirmar por ingeniería de COWIN
hmdn-coal-washing-special-magnetic-separator,Caudal,No hay valor confirmado en el catálogo público sincronizado,Disponible bajo solicitud / Por confirmar por ingeniería de COWIN
hmdn-coal-washing-special-magnetic-separator,Porcentaje de sólidos,No hay valor confirmado en el catálogo público sincronizado,Disponible bajo solicitud / Por confirmar por ingeniería de COWIN
hmdn-coal-washing-special-magnetic-separator,Objetivo de separación,No hay valor confirmado en el catálogo público sincronizado,Disponible bajo solicitud / Por confirmar por ingeniería de COWIN
suspended-permanent-magnetic-separator,Ancho y velocidad de cinta,No hay valor confirmado en el catálogo público sincronizado,Disponible bajo solicitud / Por confirmar por ingeniería de COWIN
suspended-permanent-magnetic-separator,Altura de suspensión,No hay valor confirmado en el catálogo público sincronizado,Disponible bajo solicitud / Por confirmar por ingeniería de COWIN
suspended-permanent-magnetic-separator,Capa de material,No hay valor confirmado en el catálogo público sincronizado,Disponible bajo solicitud / Por confirmar por ingeniería de COWIN
suspended-permanent-magnetic-separator,Ambiente,No hay valor confirmado en el catálogo público sincronizado,Disponible bajo solicitud / Por confirmar por ingeniería de COWIN
suspended-permanent-magnetic-separator,Configuración de descarga,No hay valor confirmado en el catálogo público sincronizado,Disponible bajo solicitud / Por confirmar por ingeniería de COWIN
suspended-electromagnetic-conveyor-belt-separator,Alimentación eléctrica,No hay valor confirmado en el catálogo público sincronizado,Disponible bajo solicitud / Por confirmar por ingeniería de COWIN
suspended-electromagnetic-conveyor-belt-separator,Altura de suspensión,No hay valor confirmado en el catálogo público sincronizado,Disponible bajo solicitud / Por confirmar por ingeniería de COWIN
suspended-electromagnetic-conveyor-belt-separator,Ancho y velocidad de cinta,No hay valor confirmado en el catálogo público sincronizado,Disponible bajo solicitud / Por confirmar por ingeniería de COWIN
suspended-electromagnetic-conveyor-belt-separator,Ambiente,No hay valor confirmado en el catálogo público sincronizado,Disponible bajo solicitud / Por confirmar por ingeniería de COWIN
suspended-electromagnetic-conveyor-belt-separator,Configuración de descarga,No hay valor confirmado en el catálogo público sincronizado,Disponible bajo solicitud / Por confirmar por ingeniería de COWIN
dls-type-window-metal-detector,Ventana de detección,No hay valor confirmado en el catálogo público sincronizado,Disponible bajo solicitud / Por confirmar por ingeniería de COWIN
dls-type-window-metal-detector,Producto de prueba,No hay valor confirmado en el catálogo público sincronizado,Disponible bajo solicitud / Por confirmar por ingeniería de COWIN
dls-type-window-metal-detector,Velocidad,No hay valor confirmado en el catálogo público sincronizado,Disponible bajo solicitud / Por confirmar por ingeniería de COWIN
dls-type-window-metal-detector,Alarma e interbloqueo,No hay valor confirmado en el catálogo público sincronizado,Disponible bajo solicitud / Por confirmar por ingeniería de COWIN
gjt-type-window-metal-detector,Ventana de detección,No hay valor confirmado en el catálogo público sincronizado,Disponible bajo solicitud / Por confirmar por ingeniería de COWIN
gjt-type-window-metal-detector,Producto de prueba,No hay valor confirmado en el catálogo público sincronizado,Disponible bajo solicitud / Por confirmar por ingeniería de COWIN
gjt-type-window-metal-detector,Velocidad,No hay valor confirmado en el catálogo público sincronizado,Disponible bajo solicitud / Por confirmar por ingeniería de COWIN
gjt-type-window-metal-detector,Alarma e interbloqueo,No hay valor confirmado en el catálogo público sincronizado,Disponible bajo solicitud / Por confirmar por ingeniería de COWIN
hecp-eddy-current-metal-sorting-machine,Tamaño de alimentación,No hay valor confirmado en el catálogo público sincronizado,Disponible bajo solicitud / Por confirmar por ingeniería de COWIN
hecp-eddy-current-metal-sorting-machine,Capacidad,No hay valor confirmado en el catálogo público sincronizado,Disponible bajo solicitud / Por confirmar por ingeniería de COWIN
hecp-eddy-current-metal-sorting-machine,Configuración de rotor,No hay valor confirmado en el catálogo público sincronizado,Disponible bajo solicitud / Por confirmar por ingeniería de COWIN
hecp-eddy-current-metal-sorting-machine,Divisor de producto,No hay valor confirmado en el catálogo público sincronizado,Disponible bajo solicitud / Por confirmar por ingeniería de COWIN
hecs-type-eddy-current-metal-sorting-machine,Tamaño de alimentación,No hay valor confirmado en el catálogo público sincronizado,Disponible bajo solicitud / Por confirmar por ingeniería de COWIN
hecs-type-eddy-current-metal-sorting-machine,Capacidad,No hay valor confirmado en el catálogo público sincronizado,Disponible bajo solicitud / Por confirmar por ingeniería de COWIN
hecs-type-eddy-current-metal-sorting-machine,Configuración de rotor,No hay valor confirmado en el catálogo público sincronizado,Disponible bajo solicitud / Por confirmar por ingeniería de COWIN
hecs-type-eddy-current-metal-sorting-machine,Divisor de producto,No hay valor confirmado en el catálogo público sincronizado,Disponible bajo solicitud / Por confirmar por ingeniería de COWIN
drum-magnet,Ancho y velocidad de cinta,No hay valor confirmado en el catálogo público sincronizado,Disponible bajo solicitud / Por confirmar por ingeniería de COWIN
drum-magnet,Altura de suspensión,No hay valor confirmado en el catálogo público sincronizado,Disponible bajo solicitud / Por confirmar por ingeniería de COWIN
drum-magnet,Capa de material,No hay valor confirmado en el catálogo público sincronizado,Disponible bajo solicitud / Por confirmar por ingeniería de COWIN
drum-magnet,Ambiente,No hay valor confirmado en el catálogo público sincronizado,Disponible bajo solicitud / Por confirmar por ingeniería de COWIN
drum-magnet,Configuración de descarga,No hay valor confirmado en el catálogo público sincronizado,Disponible bajo solicitud / Por confirmar por ingeniería de COWIN
eccentric-eddy-current-separator,Tamaño de alimentación,No hay valor confirmado en el catálogo público sincronizado,Disponible bajo solicitud / Por confirmar por ingeniería de COWIN
eccentric-eddy-current-separator,Capacidad,No hay valor confirmado en el catálogo público sincronizado,Disponible bajo solicitud / Por confirmar por ingeniería de COWIN
eccentric-eddy-current-separator,Configuración de rotor,No hay valor confirmado en el catálogo público sincronizado,Disponible bajo solicitud / Por confirmar por ingeniería de COWIN
eccentric-eddy-current-separator,Divisor de producto,No hay valor confirmado en el catálogo público sincronizado,Disponible bajo solicitud / Por confirmar por ingeniería de COWIN
electromagnet-separator,Ancho y velocidad de cinta,No hay valor confirmado en el catálogo público sincronizado,Disponible bajo solicitud / Por confirmar por ingeniería de COWIN
electromagnet-separator,Altura de suspensión,No hay valor confirmado en el catálogo público sincronizado,Disponible bajo solicitud / Por confirmar por ingeniería de COWIN
electromagnet-separator,Capa de material,No hay valor confirmado en el catálogo público sincronizado,Disponible bajo solicitud / Por confirmar por ingeniería de COWIN
electromagnet-separator,Ambiente,No hay valor confirmado en el catálogo público sincronizado,Disponible bajo solicitud / Por confirmar por ingeniería de COWIN
electromagnet-separator,Configuración de descarga,No hay valor confirmado en el catálogo público sincronizado,Disponible bajo solicitud / Por confirmar por ingeniería de COWIN
magnetic-head-pulley,Ancho y velocidad de cinta,No hay valor confirmado en el catálogo público sincronizado,Disponible bajo solicitud / Por confirmar por ingeniería de COWIN
magnetic-head-pulley,Altura de suspensión,No hay valor confirmado en el catálogo público sincronizado,Disponible bajo solicitud / Por confirmar por ingeniería de COWIN
magnetic-head-pulley,Capa de material,No hay valor confirmado en el catálogo público sincronizado,Disponible bajo solicitud / Por confirmar por ingeniería de COWIN
magnetic-head-pulley,Ambiente,No hay valor confirmado en el catálogo público sincronizado,Disponible bajo solicitud / Por confirmar por ingeniería de COWIN
magnetic-head-pulley,Configuración de descarga,No hay valor confirmado en el catálogo público sincronizado,Disponible bajo solicitud / Por confirmar por ingeniería de COWIN
permanent-overband-magnetic-separator,Ancho y velocidad de cinta,No hay valor confirmado en el catálogo público sincronizado,Disponible bajo solicitud / Por confirmar por ingeniería de COWIN
permanent-overband-magnetic-separator,Altura de suspensión,No hay valor confirmado en el catálogo público sincronizado,Disponible bajo solicitud / Por confirmar por ingeniería de COWIN
permanent-overband-magnetic-separator,Capa de material,No hay valor confirmado en el catálogo público sincronizado,Disponible bajo solicitud / Por confirmar por ingeniería de COWIN
permanent-overband-magnetic-separator,Ambiente,No hay valor confirmado en el catálogo público sincronizado,Disponible bajo solicitud / Por confirmar por ingeniería de COWIN
permanent-overband-magnetic-separator,Configuración de descarga,No hay valor confirmado en el catálogo público sincronizado,Disponible bajo solicitud / Por confirmar por ingeniería de COWIN
stainless-steel-separation-conveyor,Tamaño de alimentación,No hay valor confirmado en el catálogo público sincronizado,Disponible bajo solicitud / Por confirmar por ingeniería de COWIN
stainless-steel-separation-conveyor,Capacidad,No hay valor confirmado en el catálogo público sincronizado,Disponible bajo solicitud / Por confirmar por ingeniería de COWIN
stainless-steel-separation-conveyor,Configuración de rotor,No hay valor confirmado en el catálogo público sincronizado,Disponible bajo solicitud / Por confirmar por ingeniería de COWIN
stainless-steel-separation-conveyor,Divisor de producto,No hay valor confirmado en el catálogo público sincronizado,Disponible bajo solicitud / Por confirmar por ingeniería de COWIN
cbs-drawer-type-magnetic-filter,Abertura o diámetro,No hay valor confirmado en el catálogo público sincronizado,Disponible bajo solicitud / Por confirmar por ingeniería de COWIN
cbs-drawer-type-magnetic-filter,Barras o elementos magnéticos,No hay valor confirmado en el catálogo público sincronizado,Disponible bajo solicitud / Por confirmar por ingeniería de COWIN
cbs-drawer-type-magnetic-filter,Caudal,No hay valor confirmado en el catálogo público sincronizado,Disponible bajo solicitud / Por confirmar por ingeniería de COWIN
cbs-drawer-type-magnetic-filter,Material de construcción,No hay valor confirmado en el catálogo público sincronizado,Disponible bajo solicitud / Por confirmar por ingeniería de COWIN
clc-type-wet-slot-magnetic-filter,Abertura o diámetro,No hay valor confirmado en el catálogo público sincronizado,Disponible bajo solicitud / Por confirmar por ingeniería de COWIN
clc-type-wet-slot-magnetic-filter,Barras o elementos magnéticos,No hay valor confirmado en el catálogo público sincronizado,Disponible bajo solicitud / Por confirmar por ingeniería de COWIN
clc-type-wet-slot-magnetic-filter,Caudal,No hay valor confirmado en el catálogo público sincronizado,Disponible bajo solicitud / Por confirmar por ingeniería de COWIN
clc-type-wet-slot-magnetic-filter,Material de construcción,No hay valor confirmado en el catálogo público sincronizado,Disponible bajo solicitud / Por confirmar por ingeniería de COWIN
ctq-type-roller-automatic-magnetic-separator,Ancho y velocidad de cinta,No hay valor confirmado en el catálogo público sincronizado,Disponible bajo solicitud / Por confirmar por ingeniería de COWIN
ctq-type-roller-automatic-magnetic-separator,Altura de suspensión,No hay valor confirmado en el catálogo público sincronizado,Disponible bajo solicitud / Por confirmar por ingeniería de COWIN
ctq-type-roller-automatic-magnetic-separator,Capa de material,No hay valor confirmado en el catálogo público sincronizado,Disponible bajo solicitud / Por confirmar por ingeniería de COWIN
ctq-type-roller-automatic-magnetic-separator,Ambiente,No hay valor confirmado en el catálogo público sincronizado,Disponible bajo solicitud / Por confirmar por ingeniería de COWIN
ctq-type-roller-automatic-magnetic-separator,Configuración de descarga,No hay valor confirmado en el catálogo público sincronizado,Disponible bajo solicitud / Por confirmar por ingeniería de COWIN
cyg-wet-pipeline-magnetic-filter,Abertura o diámetro,No hay valor confirmado en el catálogo público sincronizado,Disponible bajo solicitud / Por confirmar por ingeniería de COWIN
cyg-wet-pipeline-magnetic-filter,Barras o elementos magnéticos,No hay valor confirmado en el catálogo público sincronizado,Disponible bajo solicitud / Por confirmar por ingeniería de COWIN
cyg-wet-pipeline-magnetic-filter,Caudal,No hay valor confirmado en el catálogo público sincronizado,Disponible bajo solicitud / Por confirmar por ingeniería de COWIN
cyg-wet-pipeline-magnetic-filter,Material de construcción,No hay valor confirmado en el catálogo público sincronizado,Disponible bajo solicitud / Por confirmar por ingeniería de COWIN
rcyz-type-pipeline-magnetic-filter,Abertura o diámetro,No hay valor confirmado en el catálogo público sincronizado,Disponible bajo solicitud / Por confirmar por ingeniería de COWIN
rcyz-type-pipeline-magnetic-filter,Barras o elementos magnéticos,No hay valor confirmado en el catálogo público sincronizado,Disponible bajo solicitud / Por confirmar por ingeniería de COWIN
rcyz-type-pipeline-magnetic-filter,Caudal,No hay valor confirmado en el catálogo público sincronizado,Disponible bajo solicitud / Por confirmar por ingeniería de COWIN
rcyz-type-pipeline-magnetic-filter,Material de construcción,No hay valor confirmado en el catálogo público sincronizado,Disponible bajo solicitud / Por confirmar por ingeniería de COWIN
clc-type-slot-magnetic-filter,Abertura o diámetro,No hay valor confirmado en el catálogo público sincronizado,Disponible bajo solicitud / Por confirmar por ingeniería de COWIN
clc-type-slot-magnetic-filter,Barras o elementos magnéticos,No hay valor confirmado en el catálogo público sincronizado,Disponible bajo solicitud / Por confirmar por ingeniería de COWIN
clc-type-slot-magnetic-filter,Caudal,No hay valor confirmado en el catálogo público sincronizado,Disponible bajo solicitud / Por confirmar por ingeniería de COWIN
clc-type-slot-magnetic-filter,Material de construcción,No hay valor confirmado en el catálogo público sincronizado,Disponible bajo solicitud / Por confirmar por ingeniería de COWIN
dhd-type-roller-type-automatic-magnetic-separator,Ancho y velocidad de cinta,No hay valor confirmado en el catálogo público sincronizado,Disponible bajo solicitud / Por confirmar por ingeniería de COWIN
dhd-type-roller-type-automatic-magnetic-separator,Altura de suspensión,No hay valor confirmado en el catálogo público sincronizado,Disponible bajo solicitud / Por confirmar por ingeniería de COWIN
dhd-type-roller-type-automatic-magnetic-separator,Capa de material,No hay valor confirmado en el catálogo público sincronizado,Disponible bajo solicitud / Por confirmar por ingeniería de COWIN
dhd-type-roller-type-automatic-magnetic-separator,Ambiente,No hay valor confirmado en el catálogo público sincronizado,Disponible bajo solicitud / Por confirmar por ingeniería de COWIN
dhd-type-roller-type-automatic-magnetic-separator,Configuración de descarga,No hay valor confirmado en el catálogo público sincronizado,Disponible bajo solicitud / Por confirmar por ingeniería de COWIN
dhj-type-strong-roller-automatic-magnetic-separator,Ancho y velocidad de cinta,No hay valor confirmado en el catálogo público sincronizado,Disponible bajo solicitud / Por confirmar por ingeniería de COWIN
dhj-type-strong-roller-automatic-magnetic-separator,Altura de suspensión,No hay valor confirmado en el catálogo público sincronizado,Disponible bajo solicitud / Por confirmar por ingeniería de COWIN
dhj-type-strong-roller-automatic-magnetic-separator,Capa de material,No hay valor confirmado en el catálogo público sincronizado,Disponible bajo solicitud / Por confirmar por ingeniería de COWIN
dhj-type-strong-roller-automatic-magnetic-separator,Ambiente,No hay valor confirmado en el catálogo público sincronizado,Disponible bajo solicitud / Por confirmar por ingeniería de COWIN
dhj-type-strong-roller-automatic-magnetic-separator,Configuración de descarga,No hay valor confirmado en el catálogo público sincronizado,Disponible bajo solicitud / Por confirmar por ingeniería de COWIN
qcg-wet-roller-magnetic-separator,Mineralogía,No hay valor confirmado en el catálogo público sincronizado,Disponible bajo solicitud / Por confirmar por ingeniería de COWIN
qcg-wet-roller-magnetic-separator,Granulometría,No hay valor confirmado en el catálogo público sincronizado,Disponible bajo solicitud / Por confirmar por ingeniería de COWIN
qcg-wet-roller-magnetic-separator,Caudal,No hay valor confirmado en el catálogo público sincronizado,Disponible bajo solicitud / Por confirmar por ingeniería de COWIN
qcg-wet-roller-magnetic-separator,Porcentaje de sólidos,No hay valor confirmado en el catálogo público sincronizado,Disponible bajo solicitud / Por confirmar por ingeniería de COWIN
qcg-wet-roller-magnetic-separator,Objetivo de separación,No hay valor confirmado en el catálogo público sincronizado,Disponible bajo solicitud / Por confirmar por ingeniería de COWIN
drawer-magnet,Abertura o diámetro,No hay valor confirmado en el catálogo público sincronizado,Disponible bajo solicitud / Por confirmar por ingeniería de COWIN
drawer-magnet,Barras o elementos magnéticos,No hay valor confirmado en el catálogo público sincronizado,Disponible bajo solicitud / Por confirmar por ingeniería de COWIN
drawer-magnet,Caudal,No hay valor confirmado en el catálogo público sincronizado,Disponible bajo solicitud / Por confirmar por ingeniería de COWIN
drawer-magnet,Material de construcción,No hay valor confirmado en el catálogo público sincronizado,Disponible bajo solicitud / Por confirmar por ingeniería de COWIN
hump-magnet,Abertura o diámetro,No hay valor confirmado en el catálogo público sincronizado,Disponible bajo solicitud / Por confirmar por ingeniería de COWIN
hump-magnet,Barras o elementos magnéticos,No hay valor confirmado en el catálogo público sincronizado,Disponible bajo solicitud / Por confirmar por ingeniería de COWIN
hump-magnet,Caudal,No hay valor confirmado en el catálogo público sincronizado,Disponible bajo solicitud / Por confirmar por ingeniería de COWIN
hump-magnet,Material de construcción,No hay valor confirmado en el catálogo público sincronizado,Disponible bajo solicitud / Por confirmar por ingeniería de COWIN
magnetic-grid,Abertura o diámetro,No hay valor confirmado en el catálogo público sincronizado,Disponible bajo solicitud / Por confirmar por ingeniería de COWIN
magnetic-grid,Barras o elementos magnéticos,No hay valor confirmado en el catálogo público sincronizado,Disponible bajo solicitud / Por confirmar por ingeniería de COWIN
magnetic-grid,Caudal,No hay valor confirmado en el catálogo público sincronizado,Disponible bajo solicitud / Por confirmar por ingeniería de COWIN
magnetic-grid,Material de construcción,No hay valor confirmado en el catálogo público sincronizado,Disponible bajo solicitud / Por confirmar por ingeniería de COWIN
magnetic-rod,Abertura o diámetro,No hay valor confirmado en el catálogo público sincronizado,Disponible bajo solicitud / Por confirmar por ingeniería de COWIN
magnetic-rod,Barras o elementos magnéticos,No hay valor confirmado en el catálogo público sincronizado,Disponible bajo solicitud / Por confirmar por ingeniería de COWIN
magnetic-rod,Caudal,No hay valor confirmado en el catálogo público sincronizado,Disponible bajo solicitud / Por confirmar por ingeniería de COWIN
magnetic-rod,Material de construcción,No hay valor confirmado en el catálogo público sincronizado,Disponible bajo solicitud / Por confirmar por ingeniería de COWIN
magnetic-trap,Abertura o diámetro,No hay valor confirmado en el catálogo público sincronizado,Disponible bajo solicitud / Por confirmar por ingeniería de COWIN
magnetic-trap,Barras o elementos magnéticos,No hay valor confirmado en el catálogo público sincronizado,Disponible bajo solicitud / Por confirmar por ingeniería de COWIN
magnetic-trap,Caudal,No hay valor confirmado en el catálogo público sincronizado,Disponible bajo solicitud / Por confirmar por ingeniería de COWIN
magnetic-trap,Material de construcción,No hay valor confirmado en el catálogo público sincronizado,Disponible bajo solicitud / Por confirmar por ingeniería de COWIN
rotary-pipe-magnet,Abertura o diámetro,No hay valor confirmado en el catálogo público sincronizado,Disponible bajo solicitud / Por confirmar por ingeniería de COWIN
rotary-pipe-magnet,Barras o elementos magnéticos,No hay valor confirmado en el catálogo público sincronizado,Disponible bajo solicitud / Por confirmar por ingeniería de COWIN
rotary-pipe-magnet,Caudal,No hay valor confirmado en el catálogo público sincronizado,Disponible bajo solicitud / Por confirmar por ingeniería de COWIN
rotary-pipe-magnet,Material de construcción,No hay valor confirmado en el catálogo público sincronizado,Disponible bajo solicitud / Por confirmar por ingeniería de COWIN
permanent-filter-bar-magnetic-neodymium-rod,Abertura o diámetro,No hay valor confirmado en el catálogo público sincronizado,Disponible bajo solicitud / Por confirmar por ingeniería de COWIN
permanent-filter-bar-magnetic-neodymium-rod,Barras o elementos magnéticos,No hay valor confirmado en el catálogo público sincronizado,Disponible bajo solicitud / Por confirmar por ingeniería de COWIN
permanent-filter-bar-magnetic-neodymium-rod,Caudal,No hay valor confirmado en el catálogo público sincronizado,Disponible bajo solicitud / Por confirmar por ingeniería de COWIN
permanent-filter-bar-magnetic-neodymium-rod,Material de construcción,No hay valor confirmado en el catálogo público sincronizado,Disponible bajo solicitud / Por confirmar por ingeniería de COWIN
high-frequency-screen,Configuración eléctrica o mecánica,No hay valor confirmado en el catálogo público sincronizado,Disponible bajo solicitud / Por confirmar por ingeniería de COWIN
high-frequency-screen,Condiciones ambientales,No hay valor confirmado en el catálogo público sincronizado,Disponible bajo solicitud / Por confirmar por ingeniería de COWIN
high-frequency-screen,Compatibilidad de proceso,No hay valor confirmado en el catálogo público sincronizado,Disponible bajo solicitud / Por confirmar por ingeniería de COWIN
kgla-series-rectifier-control-box,Configuración eléctrica o mecánica,No hay valor confirmado en el catálogo público sincronizado,Disponible bajo solicitud / Por confirmar por ingeniería de COWIN
kgla-series-rectifier-control-box,Condiciones ambientales,No hay valor confirmado en el catálogo público sincronizado,Disponible bajo solicitud / Por confirmar por ingeniería de COWIN
kgla-series-rectifier-control-box,Compatibilidad de proceso,No hay valor confirmado en el catálogo público sincronizado,Disponible bajo solicitud / Por confirmar por ingeniería de COWIN
kxb-mining-explosion-proof-electromagnetic-iron-remover-control-box,Configuración eléctrica o mecánica,No hay valor confirmado en el catálogo público sincronizado,Disponible bajo solicitud / Por confirmar por ingeniería de COWIN
kxb-mining-explosion-proof-electromagnetic-iron-remover-control-box,Condiciones ambientales,No hay valor confirmado en el catálogo público sincronizado,Disponible bajo solicitud / Por confirmar por ingeniería de COWIN
kxb-mining-explosion-proof-electromagnetic-iron-remover-control-box,Compatibilidad de proceso,No hay valor confirmado en el catálogo público sincronizado,Disponible bajo solicitud / Por confirmar por ingeniería de COWIN
qjz-mining-explosion-proof-permanent-magnet-iron-remover-control-box,Configuración eléctrica o mecánica,No hay valor confirmado en el catálogo público sincronizado,Disponible bajo solicitud / Por confirmar por ingeniería de COWIN
qjz-mining-explosion-proof-permanent-magnet-iron-remover-control-box,Condiciones ambientales,No hay valor confirmado en el catálogo público sincronizado,Disponible bajo solicitud / Por confirmar por ingeniería de COWIN
qjz-mining-explosion-proof-permanent-magnet-iron-remover-control-box,Compatibilidad de proceso,No hay valor confirmado en el catálogo público sincronizado,Disponible bajo solicitud / Por confirmar por ingeniería de COWIN
rbcdb-explosion-proof-disc-type-electromagnetic-iron-remover,Alimentación eléctrica,No hay valor confirmado en el catálogo público sincronizado,Disponible bajo solicitud / Por confirmar por ingeniería de COWIN
rbcdb-explosion-proof-disc-type-electromagnetic-iron-remover,Altura de suspensión,No hay valor confirmado en el catálogo público sincronizado,Disponible bajo solicitud / Por confirmar por ingeniería de COWIN
rbcdb-explosion-proof-disc-type-electromagnetic-iron-remover,Ancho y velocidad de cinta,No hay valor confirmado en el catálogo público sincronizado,Disponible bajo solicitud / Por confirmar por ingeniería de COWIN
rbcdb-explosion-proof-disc-type-electromagnetic-iron-remover,Ambiente,No hay valor confirmado en el catálogo público sincronizado,Disponible bajo solicitud / Por confirmar por ingeniería de COWIN
rbcdb-explosion-proof-disc-type-electromagnetic-iron-remover,Configuración de descarga,No hay valor confirmado en el catálogo público sincronizado,Disponible bajo solicitud / Por confirmar por ingeniería de COWIN
rbcdd-explosion-proof-electromagnetic-self-dumping-iron-remover,Alimentación eléctrica,No hay valor confirmado en el catálogo público sincronizado,Disponible bajo solicitud / Por confirmar por ingeniería de COWIN
rbcdd-explosion-proof-electromagnetic-self-dumping-iron-remover,Altura de suspensión,No hay valor confirmado en el catálogo público sincronizado,Disponible bajo solicitud / Por confirmar por ingeniería de COWIN
rbcdd-explosion-proof-electromagnetic-self-dumping-iron-remover,Ancho y velocidad de cinta,No hay valor confirmado en el catálogo público sincronizado,Disponible bajo solicitud / Por confirmar por ingeniería de COWIN
rbcdd-explosion-proof-electromagnetic-self-dumping-iron-remover,Ambiente,No hay valor confirmado en el catálogo público sincronizado,Disponible bajo solicitud / Por confirmar por ingeniería de COWIN
rbcdd-explosion-proof-electromagnetic-self-dumping-iron-remover,Configuración de descarga,No hay valor confirmado en el catálogo público sincronizado,Disponible bajo solicitud / Por confirmar por ingeniería de COWIN
rbcyd-explosion-proof-permanent-magnet-self-dumping-iron-remover,Ancho y velocidad de cinta,No hay valor confirmado en el catálogo público sincronizado,Disponible bajo solicitud / Por confirmar por ingeniería de COWIN
rbcyd-explosion-proof-permanent-magnet-self-dumping-iron-remover,Altura de suspensión,No hay valor confirmado en el catálogo público sincronizado,Disponible bajo solicitud / Por confirmar por ingeniería de COWIN
rbcyd-explosion-proof-permanent-magnet-self-dumping-iron-remover,Capa de material,No hay valor confirmado en el catálogo público sincronizado,Disponible bajo solicitud / Por confirmar por ingeniería de COWIN
rbcyd-explosion-proof-permanent-magnet-self-dumping-iron-remover,Ambiente,No hay valor confirmado en el catálogo público sincronizado,Disponible bajo solicitud / Por confirmar por ingeniería de COWIN
rbcyd-explosion-proof-permanent-magnet-self-dumping-iron-remover,Configuración de descarga,No hay valor confirmado en el catálogo público sincronizado,Disponible bajo solicitud / Por confirmar por ingeniería de COWIN
round-electromagnetic-lifting-magnet,Configuración eléctrica o mecánica,No hay valor confirmado en el catálogo público sincronizado,Disponible bajo solicitud / Por confirmar por ingeniería de COWIN
round-electromagnetic-lifting-magnet,Condiciones ambientales,No hay valor confirmado en el catálogo público sincronizado,Disponible bajo solicitud / Por confirmar por ingeniería de COWIN
round-electromagnetic-lifting-magnet,Compatibilidad de proceso,No hay valor confirmado en el catálogo público sincronizado,Disponible bajo solicitud / Por confirmar por ingeniería de COWIN
