Nombre público en español,Serie,Modelo,URL actual,Categoría,Tipo magnético,Modo de limpieza,Estado de suministro,Especificaciones confirmadas,Campos pendientes,Aplicaciones,Imágenes,Estado de autorización,Estado de contenido
RCYD: Separador magnético permanente autolimpiante,RCYD,RCYD,/es-cl/products/suspended-self-unloading-iron-removers/rcyd-type-permanent-magnet-self-dumping-iron-remover,Suspended & Self-Unloading Iron Removers,iman_permanente,autolimpiante,Por confirmar con proveedor,Ninguna cifra pública validada en esta auditoría,Ancho y velocidad de cinta | Altura de suspensión | Capa de material | Ambiente | Configuración de descarga,Protección de chancadores | Correas transportadoras | Manejo de graneles y áridos,9,Pendiente de confirmación documental,Requiere contenido detallado y ficha de verdad privada
RCDD: Separador electromagnético autolimpiante,RCDD,RCDD,/es-cl/products/suspended-self-unloading-iron-removers/rcdd-type-self-cooling-self-dumping-electromagnetic-iron-remover,Suspended & Self-Unloading Iron Removers,electromagnetico,autolimpiante,Por confirmar con proveedor,Ninguna cifra pública validada en esta auditoría,Alimentación eléctrica | Altura de suspensión | Ancho y velocidad de cinta | Ambiente | Configuración de descarga,Protección de chancadores | Correas transportadoras | Manejo de graneles y áridos,8,Pendiente de confirmación documental,Requiere contenido detallado y ficha de verdad privada
RCYB: Separador magnético permanente suspendido,RCYB,RCYB,/es-cl/products/suspended-self-unloading-iron-removers/rcyb-type-permanent-magnet-manual-iron-remover,Suspended & Self-Unloading Iron Removers,iman_permanente,manual,Por confirmar con proveedor,Ninguna cifra pública validada en esta auditoría,Ancho y velocidad de cinta | Altura de suspensión | Capa de material | Ambiente | Configuración de descarga,Protección de chancadores | Correas transportadoras | Manejo de graneles y áridos,8,Pendiente de confirmación documental,Requiere contenido detallado y ficha de verdad privada
RCDB: Separador electromagnético suspendido,RCDB,RCDB,/es-cl/products/suspended-self-unloading-iron-removers/rcdb-type-self-cooling-plate-electromagnetic-iron-remover,Suspended & Self-Unloading Iron Removers,electromagnetico,manual,Por confirmar con proveedor,Ninguna cifra pública validada en esta auditoría,Alimentación eléctrica | Altura de suspensión | Ancho y velocidad de cinta | Ambiente | Configuración de descarga,Protección de chancadores | Correas transportadoras | Manejo de graneles y áridos,7,Pendiente de confirmación documental,Requiere contenido detallado y ficha de verdad privada
Separador magnético para proceso seco,Por confirmar,,/es-cl/products/magnetic-separation-equipment/belt-high-gradient-magnetic-separator,Magnetic Separation Equipment,separacion_seca,no_aplica,Por confirmar con proveedor,Ninguna cifra pública validada en esta auditoría,Mineral | Granulometría | Humedad | Capacidad | Objetivo de separación,Minerales secos | Áridos | Recuperación de fracciones ferrosas,9,Pendiente de confirmación documental,Requiere contenido detallado y ficha de verdad privada
Separador magnético para proceso seco,Por confirmar,,/es-cl/products/magnetic-separation-equipment/disc-magnetic-separator-for-tailing,Magnetic Separation Equipment,separacion_seca,no_aplica,Por confirmar con proveedor,Ninguna cifra pública validada en esta auditoría,Mineral | Granulometría | Humedad | Capacidad | Objetivo de separación,Minerales secos | Áridos | Recuperación de fracciones ferrosas,8,Pendiente de confirmación documental,Requiere contenido detallado y ficha de verdad privada
Separador magnético para proceso seco,Por confirmar,,/es-cl/products/magnetic-separation-equipment/dry-drum-magnetic-separator,Magnetic Separation Equipment,separacion_seca,no_aplica,Por confirmar con proveedor,Ninguna cifra pública validada en esta auditoría,Mineral | Granulometría | Humedad | Capacidad | Objetivo de separación,Minerales secos | Áridos | Recuperación de fracciones ferrosas,16,Pendiente de confirmación documental,Requiere contenido detallado y ficha de verdad privada
Separador magnético para proceso húmedo,Por confirmar,,/es-cl/products/magnetic-separation-equipment/wet-drum-magnetic-separator,Magnetic Separation Equipment,separacion_humeda,no_aplica,Por confirmar con proveedor,Ninguna cifra pública validada en esta auditoría,Mineralogía | Granulometría | Caudal | Porcentaje de sólidos | Objetivo de separación,Procesamiento de minerales | Evaluación de relaves | Circuitos de pulpa,9,Pendiente de confirmación documental,Requiere contenido detallado y ficha de verdad privada
CBZ: Filtro y componente magnético para proceso,CBZ,CBZ,/es-cl/products/magnetic-separation-equipment/cbz-type-rotary-automatic-magnetic-separator,Magnetic Separation Equipment,filtro_magnetico,manual,Por confirmar con proveedor,Ninguna cifra pública validada en esta auditoría,Abertura o diámetro | Barras o elementos magnéticos | Caudal | Material de construcción,Protección de proceso | Polvos y graneles | Líneas de producto,11,Pendiente de confirmación documental,Requiere contenido detallado y ficha de verdad privada
CGB: Filtro y componente magnético para proceso,CGB,CGB,/es-cl/products/magnetic-separation-equipment/cgb-type-rotary-semi-automatic-magnetic-separator,Magnetic Separation Equipment,filtro_magnetico,manual,Por confirmar con proveedor,Ninguna cifra pública validada en esta auditoría,Abertura o diámetro | Barras o elementos magnéticos | Caudal | Material de construcción,Protección de proceso | Polvos y graneles | Líneas de producto,13,Pendiente de confirmación documental,Requiere contenido detallado y ficha de verdad privada
CQZ: Filtro y componente magnético para proceso,CQZ,CQZ,/es-cl/products/magnetic-separation-equipment/cqz-type-fully-automatic-online-magnetic-separator,Magnetic Separation Equipment,filtro_magnetico,manual,Por confirmar con proveedor,Ninguna cifra pública validada en esta auditoría,Abertura o diámetro | Barras o elementos magnéticos | Caudal | Material de construcción,Protección de proceso | Polvos y graneles | Líneas de producto,7,Pendiente de confirmación documental,Requiere contenido detallado y ficha de verdad privada
CTN: Separador magnético para proceso húmedo,CTN,CTN,/es-cl/products/magnetic-separation-equipment/ctn-wet-full-countercurrent-magnetic-separator,Magnetic Separation Equipment,separacion_humeda,no_aplica,Por confirmar con proveedor,Ninguna cifra pública validada en esta auditoría,Mineralogía | Granulometría | Caudal | Porcentaje de sólidos | Objetivo de separación,Procesamiento de minerales | Evaluación de relaves | Circuitos de pulpa,12,Pendiente de confirmación documental,Requiere contenido detallado y ficha de verdad privada
CTS: Separador magnético para proceso húmedo,CTS,CTS,/es-cl/products/magnetic-separation-equipment/cts-type-wet-co-current-magnetic-separator,Magnetic Separation Equipment,separacion_humeda,no_aplica,Por confirmar con proveedor,Ninguna cifra pública validada en esta auditoría,Mineralogía | Granulometría | Caudal | Porcentaje de sólidos | Objetivo de separación,Procesamiento de minerales | Evaluación de relaves | Circuitos de pulpa,11,Pendiente de confirmación documental,Requiere contenido detallado y ficha de verdad privada
CXJ: Filtro y componente magnético para proceso,CXJ,CXJ,/es-cl/products/magnetic-separation-equipment/cxj-drum-type-automatic-magnetic-separator,Magnetic Separation Equipment,filtro_magnetico,manual,Por confirmar con proveedor,Ninguna cifra pública validada en esta auditoría,Abertura o diámetro | Barras o elementos magnéticos | Caudal | Material de construcción,Protección de proceso | Polvos y graneles | Líneas de producto,11,Pendiente de confirmación documental,Requiere contenido detallado y ficha de verdad privada
DCZ: Filtro y componente magnético para proceso,DCZ,DCZ,/es-cl/products/magnetic-separation-equipment/dcz-type-dry-fully-automatic-magnetic-separator,Magnetic Separation Equipment,filtro_magnetico,manual,Por confirmar con proveedor,Ninguna cifra pública validada en esta auditoría,Abertura o diámetro | Barras o elementos magnéticos | Caudal | Material de construcción,Protección de proceso | Polvos y graneles | Líneas de producto,8,Pendiente de confirmación documental,Requiere contenido detallado y ficha de verdad privada
GLS: Detector de metales para proceso industrial,GLS,GLS,/es-cl/products/magnetic-separation-equipment/gls-type-integral-channel-metal-separator,Magnetic Separation Equipment,deteccion_metal,no_aplica,Por confirmar con proveedor,Ninguna cifra pública validada en esta auditoría,Ventana de detección | Producto de prueba | Velocidad | Alarma e interbloqueo,Protección de proceso | Correas transportadoras | Control de contaminación metálica,9,Pendiente de confirmación documental,Requiere contenido detallado y ficha de verdad privada
CGT: Separador magnético para proceso seco,CGT,CGT,/es-cl/products/magnetic-separation-equipment/cgt-type-super-strong-full-magnetic-drum,Magnetic Separation Equipment,separacion_seca,no_aplica,Por confirmar con proveedor,Ninguna cifra pública validada en esta auditoría,Mineral | Granulometría | Humedad | Capacidad | Objetivo de separación,Minerales secos | Áridos | Recuperación de fracciones ferrosas,11,Pendiente de confirmación documental,Requiere contenido detallado y ficha de verdad privada
CTZ: Separador magnético para proceso seco,CTZ,CTZ,/es-cl/products/magnetic-separation-equipment/ctz-type-midfield-strong-semi-magnetic-drum,Magnetic Separation Equipment,separacion_seca,no_aplica,Por confirmar con proveedor,Ninguna cifra pública validada en esta auditoría,Mineral | Granulometría | Humedad | Capacidad | Objetivo de separación,Minerales secos | Áridos | Recuperación de fracciones ferrosas,10,Pendiente de confirmación documental,Requiere contenido detallado y ficha de verdad privada
RCDA: Separador electromagnético suspendido,RCDA,RCDA,/es-cl/products/magnetic-separation-equipment/rcda-type-air-cooled-electromagnetic-iron-remover,Magnetic Separation Equipment,electromagnetico,manual,Por confirmar con proveedor,Ninguna cifra pública validada en esta auditoría,Alimentación eléctrica | Altura de suspensión | Ancho y velocidad de cinta | Ambiente | Configuración de descarga,Protección de chancadores | Correas transportadoras | Manejo de graneles y áridos,8,Pendiente de confirmación documental,Requiere contenido detallado y ficha de verdad privada
RCDC: Separador electromagnético autolimpiante,RCDC,RCDC,/es-cl/products/magnetic-separation-equipment/rcdc-type-air-cooled-self-dumping-electromagnetic-iron-remover,Magnetic Separation Equipment,electromagnetico,autolimpiante,Por confirmar con proveedor,Ninguna cifra pública validada en esta auditoría,Alimentación eléctrica | Altura de suspensión | Ancho y velocidad de cinta | Ambiente | Configuración de descarga,Protección de chancadores | Correas transportadoras | Manejo de graneles y áridos,10,Pendiente de confirmación documental,Requiere contenido detallado y ficha de verdad privada
RCDE: Separador electromagnético suspendido,RCDE,RCDE,/es-cl/products/magnetic-separation-equipment/rcde-type-oil-cooled-electromagnetic-iron-remover,Magnetic Separation Equipment,electromagnetico,manual,Por confirmar con proveedor,Ninguna cifra pública validada en esta auditoría,Alimentación eléctrica | Altura de suspensión | Ancho y velocidad de cinta | Ambiente | Configuración de descarga,Protección de chancadores | Correas transportadoras | Manejo de graneles y áridos,9,Pendiente de confirmación documental,Requiere contenido detallado y ficha de verdad privada
RCDF: Separador electromagnético autolimpiante,RCDF,RCDF,/es-cl/products/magnetic-separation-equipment/rcdf-oil-cooled-self-dumping-electromagnetic-iron-remover,Magnetic Separation Equipment,electromagnetico,autolimpiante,Por confirmar con proveedor,Ninguna cifra pública validada en esta auditoría,Alimentación eléctrica | Altura de suspensión | Ancho y velocidad de cinta | Ambiente | Configuración de descarga,Protección de chancadores | Correas transportadoras | Manejo de graneles y áridos,9,Pendiente de confirmación documental,Requiere contenido detallado y ficha de verdad privada
RCDFJ: Separador electromagnético autolimpiante,RCDFJ,RCDFJ,/es-cl/products/magnetic-separation-equipment/rcdfj-type-forced-oil-circulation-self-dumping-electromagnetic-iron-remover,Magnetic Separation Equipment,electromagnetico,autolimpiante,Por confirmar con proveedor,Ninguna cifra pública validada en esta auditoría,Alimentación eléctrica | Altura de suspensión | Ancho y velocidad de cinta | Ambiente | Configuración de descarga,Protección de chancadores | Correas transportadoras | Manejo de graneles y áridos,9,Pendiente de confirmación documental,Requiere contenido detallado y ficha de verdad privada
RCPS: Separador magnético permanente autolimpiante,RCPS,RCPS,/es-cl/products/magnetic-separation-equipment/rcps-self-dumping-disc-type-permanent-magnet-iron-remover,Magnetic Separation Equipment,iman_permanente,autolimpiante,Por confirmar con proveedor,Ninguna cifra pública validada en esta auditoría,Ancho y velocidad de cinta | Altura de suspensión | Capa de material | Ambiente | Configuración de descarga,Protección de chancadores | Correas transportadoras | Manejo de graneles y áridos,7,Pendiente de confirmación documental,Requiere contenido detallado y ficha de verdad privada
RCT: Separador magnético para proceso seco,RCT,RCT,/es-cl/products/magnetic-separation-equipment/rct-type-fully-magnetic-drum,Magnetic Separation Equipment,separacion_seca,no_aplica,Por confirmar con proveedor,Ninguna cifra pública validada en esta auditoría,Mineral | Granulometría | Humedad | Capacidad | Objetivo de separación,Minerales secos | Áridos | Recuperación de fracciones ferrosas,11,Pendiente de confirmación documental,Requiere contenido detallado y ficha de verdad privada
RCYA: Filtro y componente magnético para proceso,RCYA,RCYA,/es-cl/products/magnetic-separation-equipment/rcya-type-inclined-pipeline-permanent-magnet-iron-remover,Magnetic Separation Equipment,filtro_magnetico,manual,Por confirmar con proveedor,Ninguna cifra pública validada en esta auditoría,Abertura o diámetro | Barras o elementos magnéticos | Caudal | Material de construcción,Protección de proceso | Polvos y graneles | Líneas de producto,8,Pendiente de confirmación documental,Requiere contenido detallado y ficha de verdad privada
RCYDII: Separador magnético permanente autolimpiante,RCYDII,RCYDII,/es-cl/products/magnetic-separation-equipment/rcydii-type-permanent-magnet-self-dumping-iron-remover,Magnetic Separation Equipment,iman_permanente,autolimpiante,Por confirmar con proveedor,Ninguna cifra pública validada en esta auditoría,Ancho y velocidad de cinta | Altura de suspensión | Capa de material | Ambiente | Configuración de descarga,Protección de chancadores | Correas transportadoras | Manejo de graneles y áridos,9,Pendiente de confirmación documental,Requiere contenido detallado y ficha de verdad privada
RCYE: Separador magnético permanente autolimpiante,RCYE,RCYE,/es-cl/products/magnetic-separation-equipment/rcye-type-permanent-magnet-self-dumping-iron-remover,Magnetic Separation Equipment,iman_permanente,autolimpiante,Por confirmar con proveedor,Ninguna cifra pública validada en esta auditoría,Ancho y velocidad de cinta | Altura de suspensión | Capa de material | Ambiente | Configuración de descarga,Protección de chancadores | Correas transportadoras | Manejo de graneles y áridos,11,Pendiente de confirmación documental,Requiere contenido detallado y ficha de verdad privada
RCYF: Filtro y componente magnético para proceso,RCYF,RCYF,/es-cl/products/magnetic-separation-equipment/rcyf-type-vertical-pipeline-permanent-magnet-iron-remover,Magnetic Separation Equipment,filtro_magnetico,manual,Por confirmar con proveedor,Ninguna cifra pública validada en esta auditoría,Abertura o diámetro | Barras o elementos magnéticos | Caudal | Material de construcción,Protección de proceso | Polvos y graneles | Líneas de producto,8,Pendiente de confirmación documental,Requiere contenido detallado y ficha de verdad privada
RCYG: Filtro y componente magnético para proceso,RCYG,RCYG,/es-cl/products/magnetic-separation-equipment/rcyg-type-pipeline-self-dumping-permanent-magnet-iron-remover,Magnetic Separation Equipment,filtro_magnetico,manual,Por confirmar con proveedor,Ninguna cifra pública validada en esta auditoría,Abertura o diámetro | Barras o elementos magnéticos | Caudal | Material de construcción,Protección de proceso | Polvos y graneles | Líneas de producto,8,Pendiente de confirmación documental,Requiere contenido detallado y ficha de verdad privada
RCYP: Separador magnético permanente autolimpiante,RCYP,RCYP,/es-cl/products/magnetic-separation-equipment/rcyp-type-permanent-magnet-manual-self-dumping-iron-remover,Magnetic Separation Equipment,iman_permanente,autolimpiante,Por confirmar con proveedor,Ninguna cifra pública validada en esta auditoría,Ancho y velocidad de cinta | Altura de suspensión | Capa de material | Ambiente | Configuración de descarga,Protección de chancadores | Correas transportadoras | Manejo de graneles y áridos,8,Pendiente de confirmación documental,Requiere contenido detallado y ficha de verdad privada
RCYZ: Filtro y componente magnético para proceso,RCYZ,RCYZ,/es-cl/products/magnetic-separation-equipment/rcyz-type-vertical-pipeline-permanent-magnet-iron-remover,Magnetic Separation Equipment,filtro_magnetico,manual,Por confirmar con proveedor,Ninguna cifra pública validada en esta auditoría,Abertura o diámetro | Barras o elementos magnéticos | Caudal | Material de construcción,Protección de proceso | Polvos y graneles | Líneas de producto,8,Pendiente de confirmación documental,Requiere contenido detallado y ficha de verdad privada
CQZ: Filtro y componente magnético para proceso,CQZ,CQZ,/es-cl/products/magnetic-separation-equipment/cqz-type-fully-automatic-online-magnetic-separation,Magnetic Separation Equipment,filtro_magnetico,manual,Por confirmar con proveedor,Ninguna cifra pública validada en esta auditoría,Abertura o diámetro | Barras o elementos magnéticos | Caudal | Material de construcción,Protección de proceso | Polvos y graneles | Líneas de producto,7,Pendiente de confirmación documental,Requiere contenido detallado y ficha de verdad privada
CTB: Separador magnético para proceso húmedo,CTB,CTB,/es-cl/products/magnetic-separation-equipment/ctb-wet-semi-countercurrent-magnetic-separator,Magnetic Separation Equipment,separacion_humeda,no_aplica,Por confirmar con proveedor,Ninguna cifra pública validada en esta auditoría,Mineralogía | Granulometría | Caudal | Porcentaje de sólidos | Objetivo de separación,Procesamiento de minerales | Evaluación de relaves | Circuitos de pulpa,7,Pendiente de confirmación documental,Requiere contenido detallado y ficha de verdad privada
DCX: Filtro y componente magnético para proceso,DCX,DCX,/es-cl/products/magnetic-separation-equipment/dcx-wet-fully-automatic-magnetic-separator,Magnetic Separation Equipment,filtro_magnetico,manual,Por confirmar con proveedor,Ninguna cifra pública validada en esta auditoría,Abertura o diámetro | Barras o elementos magnéticos | Caudal | Material de construcción,Protección de proceso | Polvos y graneles | Líneas de producto,8,Pendiente de confirmación documental,Requiere contenido detallado y ficha de verdad privada
DCZ: Filtro y componente magnético para proceso,DCZ,DCZ,/es-cl/products/magnetic-separation-equipment/dcz-type-dry-fully-automatic-magnetic-separation,Magnetic Separation Equipment,filtro_magnetico,manual,Por confirmar con proveedor,Ninguna cifra pública validada en esta auditoría,Abertura o diámetro | Barras o elementos magnéticos | Caudal | Material de construcción,Protección de proceso | Polvos y graneles | Líneas de producto,8,Pendiente de confirmación documental,Requiere contenido detallado y ficha de verdad privada
GTC: Separador magnético para proceso seco,GTC,GTC,/es-cl/products/magnetic-separation-equipment/gtc-wet-plate-magnetic-separator,Magnetic Separation Equipment,separacion_seca,no_aplica,Por confirmar con proveedor,Ninguna cifra pública validada en esta auditoría,Mineral | Granulometría | Humedad | Capacidad | Objetivo de separación,Minerales secos | Áridos | Recuperación de fracciones ferrosas,10,Pendiente de confirmación documental,Requiere contenido detallado y ficha de verdad privada
HJLH: Separador magnético para proceso seco,HJLH,HJLH,/es-cl/products/magnetic-separation-equipment/hjlh-wet-vertical-ring-high-gradient-magnetic-separator,Magnetic Separation Equipment,separacion_seca,no_aplica,Por confirmar con proveedor,Ninguna cifra pública validada en esta auditoría,Mineral | Granulometría | Humedad | Capacidad | Objetivo de separación,Minerales secos | Áridos | Recuperación de fracciones ferrosas,7,Pendiente de confirmación documental,Requiere contenido detallado y ficha de verdad privada
HJPC: Separador magnético para proceso seco,HJPC,HJPC,/es-cl/products/magnetic-separation-equipment/hjpc-wet-disc-magnetic-separation,Magnetic Separation Equipment,separacion_seca,no_aplica,Por confirmar con proveedor,Ninguna cifra pública validada en esta auditoría,Mineral | Granulometría | Humedad | Capacidad | Objetivo de separación,Minerales secos | Áridos | Recuperación de fracciones ferrosas,7,Pendiente de confirmación documental,Requiere contenido detallado y ficha de verdad privada
CLT: Separador magnético para proceso seco,CLT,CLT,/es-cl/products/magnetic-separation-equipment/clt-type-magnetic-desliming-tank,Magnetic Separation Equipment,separacion_seca,no_aplica,Por confirmar con proveedor,Ninguna cifra pública validada en esta auditoría,Mineral | Granulometría | Humedad | Capacidad | Objetivo de separación,Minerales secos | Áridos | Recuperación de fracciones ferrosas,7,Pendiente de confirmación documental,Requiere contenido detallado y ficha de verdad privada
CTB: Separador magnético para proceso húmedo,CTB,CTB,/es-cl/products/magnetic-separation-equipment/ctb-type-semi-countercurrent-wet-selection-machine,Magnetic Separation Equipment,separacion_humeda,no_aplica,Por confirmar con proveedor,Ninguna cifra pública validada en esta auditoría,Mineralogía | Granulometría | Caudal | Porcentaje de sólidos | Objetivo de separación,Procesamiento de minerales | Evaluación de relaves | Circuitos de pulpa,8,Pendiente de confirmación documental,Requiere contenido detallado y ficha de verdad privada
CTDG: Separador magnético para proceso seco,CTDG,CTDG,/es-cl/products/magnetic-separation-equipment/ctdg-type-permanent-magnet-bulk-dry-magnetic-separator,Magnetic Separation Equipment,separacion_seca,no_aplica,Por confirmar con proveedor,Ninguna cifra pública validada en esta auditoría,Mineral | Granulometría | Humedad | Capacidad | Objetivo de separación,Minerales secos | Áridos | Recuperación de fracciones ferrosas,8,Pendiente de confirmación documental,Requiere contenido detallado y ficha de verdad privada
CTN: Separador magnético para proceso húmedo,CTN,CTN,/es-cl/products/magnetic-separation-equipment/ctn-type-full-countercurrent-wet-magnetic-separator,Magnetic Separation Equipment,separacion_humeda,no_aplica,Por confirmar con proveedor,Ninguna cifra pública validada en esta auditoría,Mineralogía | Granulometría | Caudal | Porcentaje de sólidos | Objetivo de separación,Procesamiento de minerales | Evaluación de relaves | Circuitos de pulpa,8,Pendiente de confirmación documental,Requiere contenido detallado y ficha de verdad privada
CTS: Separador magnético para proceso húmedo,CTS,CTS,/es-cl/products/magnetic-separation-equipment/cts-type-downstream-wet-pre-selection-machine,Magnetic Separation Equipment,separacion_humeda,no_aplica,Por confirmar con proveedor,Ninguna cifra pública validada en esta auditoría,Mineralogía | Granulometría | Caudal | Porcentaje de sólidos | Objetivo de separación,Procesamiento de minerales | Evaluación de relaves | Circuitos de pulpa,8,Pendiente de confirmación documental,Requiere contenido detallado y ficha de verdad privada
Separador magnético para proceso seco,Por confirmar,,/es-cl/products/magnetic-separation-equipment/ctzs-type-upward-suction-magnetic-separator,Magnetic Separation Equipment,separacion_seca,no_aplica,Por confirmar con proveedor,Ninguna cifra pública validada en esta auditoría,Mineral | Granulometría | Humedad | Capacidad | Objetivo de separación,Minerales secos | Áridos | Recuperación de fracciones ferrosas,8,Pendiente de confirmación documental,Requiere contenido detallado y ficha de verdad privada
Separador magnético permanente suspendido,Por confirmar,,/es-cl/products/magnetic-separation-equipment/hcg-type-dry-pre-selection-machine,Magnetic Separation Equipment,iman_permanente,manual,Por confirmar con proveedor,Ninguna cifra pública validada en esta auditoría,Ancho y velocidad de cinta | Altura de suspensión | Capa de material | Ambiente | Configuración de descarga,Protección de chancadores | Correas transportadoras | Manejo de graneles y áridos,7,Pendiente de confirmación documental,Requiere contenido detallado y ficha de verdad privada
HJLH: Separador magnético para proceso seco,HJLH,HJLH,/es-cl/products/magnetic-separation-equipment/hjlh-type-vertical-ring-high-gradient-magnetic-separation,Magnetic Separation Equipment,separacion_seca,no_aplica,Por confirmar con proveedor,Ninguna cifra pública validada en esta auditoría,Mineral | Granulometría | Humedad | Capacidad | Objetivo de separación,Minerales secos | Áridos | Recuperación de fracciones ferrosas,7,Pendiente de confirmación documental,Requiere contenido detallado y ficha de verdad privada
LJK: Separador magnético para proceso seco,LJK,LJK,/es-cl/products/magnetic-separation-equipment/ljk-type-magnetic-ore-special-iron-remover,Magnetic Separation Equipment,separacion_seca,no_aplica,Por confirmar con proveedor,Ninguna cifra pública validada en esta auditoría,Mineral | Granulometría | Humedad | Capacidad | Objetivo de separación,Minerales secos | Áridos | Recuperación de fracciones ferrosas,7,Pendiente de confirmación documental,Requiere contenido detallado y ficha de verdad privada
NCT: Separador magnético para proceso seco,NCT,NCT,/es-cl/products/magnetic-separation-equipment/nct-type-concentrated-magnetic-separator,Magnetic Separation Equipment,separacion_seca,no_aplica,Por confirmar con proveedor,Ninguna cifra pública validada en esta auditoría,Mineral | Granulometría | Humedad | Capacidad | Objetivo de separación,Minerales secos | Áridos | Recuperación de fracciones ferrosas,8,Pendiente de confirmación documental,Requiere contenido detallado y ficha de verdad privada
WBC: Separador magnético para proceso seco,WBC,WBC,/es-cl/products/magnetic-separation-equipment/wbc-semi-magnetic-tailings-recovery-machine,Magnetic Separation Equipment,separacion_seca,no_aplica,Por confirmar con proveedor,Ninguna cifra pública validada en esta auditoría,Mineral | Granulometría | Humedad | Capacidad | Objetivo de separación,Minerales secos | Áridos | Recuperación de fracciones ferrosas,8,Pendiente de confirmación documental,Requiere contenido detallado y ficha de verdad privada
CTN: Separador magnético para proceso húmedo,CTN,CTN,/es-cl/products/magnetic-separation-equipment/ctn-type-specialized-magnetic-separator-for-coal-washing,Magnetic Separation Equipment,separacion_humeda,no_aplica,Por confirmar con proveedor,Ninguna cifra pública validada en esta auditoría,Mineralogía | Granulometría | Caudal | Porcentaje de sólidos | Objetivo de separación,Procesamiento de minerales | Evaluación de relaves | Circuitos de pulpa,8,Pendiente de confirmación documental,Requiere contenido detallado y ficha de verdad privada
HMDN: Separador magnético para proceso húmedo,HMDN,HMDN,/es-cl/products/magnetic-separation-equipment/hmdn-coal-washing-special-magnetic-separator,Magnetic Separation Equipment,separacion_humeda,no_aplica,Por confirmar con proveedor,Ninguna cifra pública validada en esta auditoría,Mineralogía | Granulometría | Caudal | Porcentaje de sólidos | Objetivo de separación,Procesamiento de minerales | Evaluación de relaves | Circuitos de pulpa,5,Pendiente de confirmación documental,Requiere contenido detallado y ficha de verdad privada
Separador magnético permanente suspendido,Por confirmar,,/es-cl/products/magnetic-separation-equipment/suspended-permanent-magnetic-separator,Magnetic Separation Equipment,iman_permanente,manual,Por confirmar con proveedor,Ninguna cifra pública validada en esta auditoría,Ancho y velocidad de cinta | Altura de suspensión | Capa de material | Ambiente | Configuración de descarga,Protección de chancadores | Correas transportadoras | Manejo de graneles y áridos,1,Pendiente de confirmación documental,Requiere contenido detallado y ficha de verdad privada
Separador electromagnético suspendido,Por confirmar,,/es-cl/products/magnetic-separation-equipment/suspended-electromagnetic-conveyor-belt-separator,Magnetic Separation Equipment,electromagnetico,manual,Por confirmar con proveedor,Ninguna cifra pública validada en esta auditoría,Alimentación eléctrica | Altura de suspensión | Ancho y velocidad de cinta | Ambiente | Configuración de descarga,Protección de chancadores | Correas transportadoras | Manejo de graneles y áridos,1,Pendiente de confirmación documental,Requiere contenido detallado y ficha de verdad privada
DLS: Detector de metales para proceso industrial,DLS,DLS,/es-cl/products/metal-detection-recycling-sorting/dls-type-window-metal-detector,Metal Detection & Recycling Sorting,deteccion_metal,no_aplica,Por confirmar con proveedor,Ninguna cifra pública validada en esta auditoría,Ventana de detección | Producto de prueba | Velocidad | Alarma e interbloqueo,Protección de proceso | Correas transportadoras | Control de contaminación metálica,11,Pendiente de confirmación documental,Requiere contenido detallado y ficha de verdad privada
GJT: Detector de metales para proceso industrial,GJT,GJT,/es-cl/products/metal-detection-recycling-sorting/gjt-type-window-metal-detector,Metal Detection & Recycling Sorting,deteccion_metal,no_aplica,Por confirmar con proveedor,Ninguna cifra pública validada en esta auditoría,Ventana de detección | Producto de prueba | Velocidad | Alarma e interbloqueo,Protección de proceso | Correas transportadoras | Control de contaminación metálica,8,Pendiente de confirmación documental,Requiere contenido detallado y ficha de verdad privada
Separador por corrientes de Foucault,Por confirmar,,/es-cl/products/metal-detection-recycling-sorting/hecp-eddy-current-metal-sorting-machine,Metal Detection & Recycling Sorting,corrientes_foucault,no_aplica,Por confirmar con proveedor,Ninguna cifra pública validada en esta auditoría,Tamaño de alimentación | Capacidad | Configuración de rotor | Divisor de producto,Reciclaje de metales | Clasificación de materiales | Recuperación de no ferrosos,8,Pendiente de confirmación documental,Requiere contenido detallado y ficha de verdad privada
Separador por corrientes de Foucault,Por confirmar,,/es-cl/products/metal-detection-recycling-sorting/hecs-type-eddy-current-metal-sorting-machine,Metal Detection & Recycling Sorting,corrientes_foucault,no_aplica,Por confirmar con proveedor,Ninguna cifra pública validada en esta auditoría,Tamaño de alimentación | Capacidad | Configuración de rotor | Divisor de producto,Reciclaje de metales | Clasificación de materiales | Recuperación de no ferrosos,8,Pendiente de confirmación documental,Requiere contenido detallado y ficha de verdad privada
Separador magnético permanente suspendido,Por confirmar,,/es-cl/products/metal-detection-recycling-sorting/drum-magnet,Metal Detection & Recycling Sorting,iman_permanente,manual,Por confirmar con proveedor,Ninguna cifra pública validada en esta auditoría,Ancho y velocidad de cinta | Altura de suspensión | Capa de material | Ambiente | Configuración de descarga,Protección de chancadores | Correas transportadoras | Manejo de graneles y áridos,20,Pendiente de confirmación documental,Requiere contenido detallado y ficha de verdad privada
Separador por corrientes de Foucault,Por confirmar,,/es-cl/products/metal-detection-recycling-sorting/eccentric-eddy-current-separator,Metal Detection & Recycling Sorting,corrientes_foucault,no_aplica,Por confirmar con proveedor,Ninguna cifra pública validada en esta auditoría,Tamaño de alimentación | Capacidad | Configuración de rotor | Divisor de producto,Reciclaje de metales | Clasificación de materiales | Recuperación de no ferrosos,18,Pendiente de confirmación documental,Requiere contenido detallado y ficha de verdad privada
Separador magnético permanente suspendido,Por confirmar,,/es-cl/products/metal-detection-recycling-sorting/electromagnet-separator,Metal Detection & Recycling Sorting,iman_permanente,manual,Por confirmar con proveedor,Ninguna cifra pública validada en esta auditoría,Ancho y velocidad de cinta | Altura de suspensión | Capa de material | Ambiente | Configuración de descarga,Protección de chancadores | Correas transportadoras | Manejo de graneles y áridos,18,Pendiente de confirmación documental,Requiere contenido detallado y ficha de verdad privada
Separador magnético permanente suspendido,Por confirmar,,/es-cl/products/metal-detection-recycling-sorting/magnetic-head-pulley,Metal Detection & Recycling Sorting,iman_permanente,manual,Por confirmar con proveedor,Ninguna cifra pública validada en esta auditoría,Ancho y velocidad de cinta | Altura de suspensión | Capa de material | Ambiente | Configuración de descarga,Protección de chancadores | Correas transportadoras | Manejo de graneles y áridos,14,Pendiente de confirmación documental,Requiere contenido detallado y ficha de verdad privada
Separador magnético permanente autolimpiante,Por confirmar,,/es-cl/products/metal-detection-recycling-sorting/permanent-overband-magnetic-separator,Metal Detection & Recycling Sorting,iman_permanente,autolimpiante,Por confirmar con proveedor,Ninguna cifra pública validada en esta auditoría,Ancho y velocidad de cinta | Altura de suspensión | Capa de material | Ambiente | Configuración de descarga,Protección de chancadores | Correas transportadoras | Manejo de graneles y áridos,26,Pendiente de confirmación documental,Requiere contenido detallado y ficha de verdad privada
Separador por corrientes de Foucault,Por confirmar,,/es-cl/products/metal-detection-recycling-sorting/stainless-steel-separation-conveyor,Metal Detection & Recycling Sorting,corrientes_foucault,no_aplica,Por confirmar con proveedor,Ninguna cifra pública validada en esta auditoría,Tamaño de alimentación | Capacidad | Configuración de rotor | Divisor de producto,Reciclaje de metales | Clasificación de materiales | Recuperación de no ferrosos,16,Pendiente de confirmación documental,Requiere contenido detallado y ficha de verdad privada
Filtro y componente magnético para proceso,Por confirmar,,/es-cl/products/magnetic-components-filters/cbs-drawer-type-magnetic-filter,Magnetic Components & Filters,filtro_magnetico,manual,Por confirmar con proveedor,Ninguna cifra pública validada en esta auditoría,Abertura o diámetro | Barras o elementos magnéticos | Caudal | Material de construcción,Protección de proceso | Polvos y graneles | Líneas de producto,12,Pendiente de confirmación documental,Requiere contenido detallado y ficha de verdad privada
CLC: Filtro y componente magnético para proceso,CLC,CLC,/es-cl/products/magnetic-components-filters/clc-type-wet-slot-magnetic-filter,Magnetic Components & Filters,filtro_magnetico,manual,Por confirmar con proveedor,Ninguna cifra pública validada en esta auditoría,Abertura o diámetro | Barras o elementos magnéticos | Caudal | Material de construcción,Protección de proceso | Polvos y graneles | Líneas de producto,6,Pendiente de confirmación documental,Requiere contenido detallado y ficha de verdad privada
Separador magnético permanente suspendido,Por confirmar,,/es-cl/products/magnetic-components-filters/ctq-type-roller-automatic-magnetic-separator,Magnetic Components & Filters,iman_permanente,manual,Por confirmar con proveedor,Ninguna cifra pública validada en esta auditoría,Ancho y velocidad de cinta | Altura de suspensión | Capa de material | Ambiente | Configuración de descarga,Protección de chancadores | Correas transportadoras | Manejo de graneles y áridos,11,Pendiente de confirmación documental,Requiere contenido detallado y ficha de verdad privada
CYG: Filtro y componente magnético para proceso,CYG,CYG,/es-cl/products/magnetic-components-filters/cyg-wet-pipeline-magnetic-filter,Magnetic Components & Filters,filtro_magnetico,manual,Por confirmar con proveedor,Ninguna cifra pública validada en esta auditoría,Abertura o diámetro | Barras o elementos magnéticos | Caudal | Material de construcción,Protección de proceso | Polvos y graneles | Líneas de producto,9,Pendiente de confirmación documental,Requiere contenido detallado y ficha de verdad privada
RCYZ: Filtro y componente magnético para proceso,RCYZ,RCYZ,/es-cl/products/magnetic-components-filters/rcyz-type-pipeline-magnetic-filter,Magnetic Components & Filters,filtro_magnetico,manual,Por confirmar con proveedor,Ninguna cifra pública validada en esta auditoría,Abertura o diámetro | Barras o elementos magnéticos | Caudal | Material de construcción,Protección de proceso | Polvos y graneles | Líneas de producto,8,Pendiente de confirmación documental,Requiere contenido detallado y ficha de verdad privada
CLC: Filtro y componente magnético para proceso,CLC,CLC,/es-cl/products/magnetic-components-filters/clc-type-slot-magnetic-filter,Magnetic Components & Filters,filtro_magnetico,manual,Por confirmar con proveedor,Ninguna cifra pública validada en esta auditoría,Abertura o diámetro | Barras o elementos magnéticos | Caudal | Material de construcción,Protección de proceso | Polvos y graneles | Líneas de producto,7,Pendiente de confirmación documental,Requiere contenido detallado y ficha de verdad privada
Separador magnético permanente suspendido,Por confirmar,,/es-cl/products/magnetic-components-filters/dhd-type-roller-type-automatic-magnetic-separator,Magnetic Components & Filters,iman_permanente,manual,Por confirmar con proveedor,Ninguna cifra pública validada en esta auditoría,Ancho y velocidad de cinta | Altura de suspensión | Capa de material | Ambiente | Configuración de descarga,Protección de chancadores | Correas transportadoras | Manejo de graneles y áridos,8,Pendiente de confirmación documental,Requiere contenido detallado y ficha de verdad privada
Separador magnético permanente suspendido,Por confirmar,,/es-cl/products/magnetic-components-filters/dhj-type-strong-roller-automatic-magnetic-separator,Magnetic Components & Filters,iman_permanente,manual,Por confirmar con proveedor,Ninguna cifra pública validada en esta auditoría,Ancho y velocidad de cinta | Altura de suspensión | Capa de material | Ambiente | Configuración de descarga,Protección de chancadores | Correas transportadoras | Manejo de graneles y áridos,8,Pendiente de confirmación documental,Requiere contenido detallado y ficha de verdad privada
Separador magnético para proceso húmedo,Por confirmar,,/es-cl/products/magnetic-components-filters/qcg-wet-roller-magnetic-separator,Magnetic Components & Filters,separacion_humeda,no_aplica,Por confirmar con proveedor,Ninguna cifra pública validada en esta auditoría,Mineralogía | Granulometría | Caudal | Porcentaje de sólidos | Objetivo de separación,Procesamiento de minerales | Evaluación de relaves | Circuitos de pulpa,9,Pendiente de confirmación documental,Requiere contenido detallado y ficha de verdad privada
Filtro y componente magnético para proceso,Por confirmar,,/es-cl/products/magnetic-components-filters/drawer-magnet,Magnetic Components & Filters,filtro_magnetico,manual,Por confirmar con proveedor,Ninguna cifra pública validada en esta auditoría,Abertura o diámetro | Barras o elementos magnéticos | Caudal | Material de construcción,Protección de proceso | Polvos y graneles | Líneas de producto,8,Pendiente de confirmación documental,Requiere contenido detallado y ficha de verdad privada
Filtro y componente magnético para proceso,Por confirmar,,/es-cl/products/magnetic-components-filters/hump-magnet,Magnetic Components & Filters,filtro_magnetico,manual,Por confirmar con proveedor,Ninguna cifra pública validada en esta auditoría,Abertura o diámetro | Barras o elementos magnéticos | Caudal | Material de construcción,Protección de proceso | Polvos y graneles | Líneas de producto,8,Pendiente de confirmación documental,Requiere contenido detallado y ficha de verdad privada
Filtro y componente magnético para proceso,Por confirmar,,/es-cl/products/magnetic-components-filters/magnetic-grid,Magnetic Components & Filters,filtro_magnetico,manual,Por confirmar con proveedor,Ninguna cifra pública validada en esta auditoría,Abertura o diámetro | Barras o elementos magnéticos | Caudal | Material de construcción,Protección de proceso | Polvos y graneles | Líneas de producto,8,Pendiente de confirmación documental,Requiere contenido detallado y ficha de verdad privada
Filtro y componente magnético para proceso,Por confirmar,,/es-cl/products/magnetic-components-filters/magnetic-rod,Magnetic Components & Filters,filtro_magnetico,manual,Por confirmar con proveedor,Ninguna cifra pública validada en esta auditoría,Abertura o diámetro | Barras o elementos magnéticos | Caudal | Material de construcción,Protección de proceso | Polvos y graneles | Líneas de producto,8,Pendiente de confirmación documental,Requiere contenido detallado y ficha de verdad privada
Filtro y componente magnético para proceso,Por confirmar,,/es-cl/products/magnetic-components-filters/magnetic-trap,Magnetic Components & Filters,filtro_magnetico,manual,Por confirmar con proveedor,Ninguna cifra pública validada en esta auditoría,Abertura o diámetro | Barras o elementos magnéticos | Caudal | Material de construcción,Protección de proceso | Polvos y graneles | Líneas de producto,8,Pendiente de confirmación documental,Requiere contenido detallado y ficha de verdad privada
Filtro y componente magnético para proceso,Por confirmar,,/es-cl/products/magnetic-components-filters/rotary-pipe-magnet,Magnetic Components & Filters,filtro_magnetico,manual,Por confirmar con proveedor,Ninguna cifra pública validada en esta auditoría,Abertura o diámetro | Barras o elementos magnéticos | Caudal | Material de construcción,Protección de proceso | Polvos y graneles | Líneas de producto,8,Pendiente de confirmación documental,Requiere contenido detallado y ficha de verdad privada
Filtro y componente magnético para proceso,Por confirmar,,/es-cl/products/magnetic-components-filters/permanent-filter-bar-magnetic-neodymium-rod,Magnetic Components & Filters,filtro_magnetico,manual,Por confirmar con proveedor,Ninguna cifra pública validada en esta auditoría,Abertura o diámetro | Barras o elementos magnéticos | Caudal | Material de construcción,Protección de proceso | Polvos y graneles | Líneas de producto,1,Pendiente de confirmación documental,Requiere contenido detallado y ficha de verdad privada
Equipo auxiliar para integración de proceso,Por confirmar,,/es-cl/products/industry-application-equipment/high-frequency-screen,Industry Application Equipment,auxiliar,no_aplica,Por confirmar con proveedor,Ninguna cifra pública validada en esta auditoría,Configuración eléctrica o mecánica | Condiciones ambientales | Compatibilidad de proceso,Equipos auxiliares de proceso | Integración de planta,11,Pendiente de confirmación documental,Requiere contenido detallado y ficha de verdad privada
KGLA: Equipo auxiliar para integración de proceso,KGLA,KGLA,/es-cl/products/industry-application-equipment/kgla-series-rectifier-control-box,Industry Application Equipment,auxiliar,no_aplica,Por confirmar con proveedor,Ninguna cifra pública validada en esta auditoría,Configuración eléctrica o mecánica | Condiciones ambientales | Compatibilidad de proceso,Equipos auxiliares de proceso | Integración de planta,7,Pendiente de confirmación documental,Requiere contenido detallado y ficha de verdad privada
KXB: Equipo auxiliar para integración de proceso,KXB,KXB,/es-cl/products/industry-application-equipment/kxb-mining-explosion-proof-electromagnetic-iron-remover-control-box,Industry Application Equipment,auxiliar,no_aplica,Por confirmar con proveedor,Ninguna cifra pública validada en esta auditoría,Configuración eléctrica o mecánica | Condiciones ambientales | Compatibilidad de proceso,Equipos auxiliares de proceso | Integración de planta,8,Pendiente de confirmación documental,Requiere contenido detallado y ficha de verdad privada
QJZ: Equipo auxiliar para integración de proceso,QJZ,QJZ,/es-cl/products/industry-application-equipment/qjz-mining-explosion-proof-permanent-magnet-iron-remover-control-box,Industry Application Equipment,auxiliar,no_aplica,Por confirmar con proveedor,Ninguna cifra pública validada en esta auditoría,Configuración eléctrica o mecánica | Condiciones ambientales | Compatibilidad de proceso,Equipos auxiliares de proceso | Integración de planta,8,Pendiente de confirmación documental,Requiere contenido detallado y ficha de verdad privada
RBCDB: Separador electromagnético suspendido,RBCDB,RBCDB,/es-cl/products/industry-application-equipment/rbcdb-explosion-proof-disc-type-electromagnetic-iron-remover,Industry Application Equipment,electromagnetico,manual,Por confirmar con proveedor,Ninguna cifra pública validada en esta auditoría,Alimentación eléctrica | Altura de suspensión | Ancho y velocidad de cinta | Ambiente | Configuración de descarga,Protección de chancadores | Correas transportadoras | Manejo de graneles y áridos,7,Pendiente de confirmación documental,Requiere contenido detallado y ficha de verdad privada
RBCDD: Separador electromagnético autolimpiante,RBCDD,RBCDD,/es-cl/products/industry-application-equipment/rbcdd-explosion-proof-electromagnetic-self-dumping-iron-remover,Industry Application Equipment,electromagnetico,autolimpiante,Por confirmar con proveedor,Ninguna cifra pública validada en esta auditoría,Alimentación eléctrica | Altura de suspensión | Ancho y velocidad de cinta | Ambiente | Configuración de descarga,Protección de chancadores | Correas transportadoras | Manejo de graneles y áridos,8,Pendiente de confirmación documental,Requiere contenido detallado y ficha de verdad privada
RBCYD: Separador magnético permanente autolimpiante,RBCYD,RBCYD,/es-cl/products/industry-application-equipment/rbcyd-explosion-proof-permanent-magnet-self-dumping-iron-remover,Industry Application Equipment,iman_permanente,autolimpiante,Por confirmar con proveedor,Ninguna cifra pública validada en esta auditoría,Ancho y velocidad de cinta | Altura de suspensión | Capa de material | Ambiente | Configuración de descarga,Protección de chancadores | Correas transportadoras | Manejo de graneles y áridos,9,Pendiente de confirmación documental,Requiere contenido detallado y ficha de verdad privada
Equipo auxiliar para integración de proceso,Por confirmar,,/es-cl/products/industry-application-equipment/round-electromagnetic-lifting-magnet,Industry Application Equipment,auxiliar,no_aplica,Por confirmar con proveedor,Ninguna cifra pública validada en esta auditoría,Configuración eléctrica o mecánica | Condiciones ambientales | Compatibilidad de proceso,Equipos auxiliares de proceso | Integración de planta,1,Pendiente de confirmación documental,Requiere contenido detallado y ficha de verdad privada
